臓器,カテゴリ,疾患,基本,index,UID
血液・造血器・リンパ系,貧血,鉄欠乏性貧血,●,TBL-01-00-001,JlvnlXM
血液・造血器・リンパ系,貧血,出血性貧血,,TBL-01-00-002,JlvnlYA
血液・造血器・リンパ系,貧血,腎性貧血,,TBL-01-00-003,JlvnlYE
血液・造血器・リンパ系,貧血,二次性貧血,,TBL-01-00-004,
血液・造血器・リンパ系,貧血,発作性夜間ヘモグロビン尿症,,TBL-01-00-005,JlvnlXY
血液・造血器・リンパ系,貧血,再生不良性貧血,,TBL-01-00-006,JlvnlXg
血液・造血器・リンパ系,貧血,骨髄異形成症候群,,TBL-01-00-007,JlvnlXs
血液・造血器・リンパ系,貧血,自己免疫性溶血性貧血,,TBL-01-00-008,JlvnlXw
血液・造血器・リンパ系,貧血,ビタミンB12欠乏性貧血,●,TBL-01-00-009,JlvnlYM
血液・造血器・リンパ系,貧血,葉酸欠乏性貧血,,TBL-01-00-010,JlvnlYQ
血液・造血器・リンパ系,出血傾向,脾機能亢進症,,TBL-01-00-011,JlvnlYw
血液・造血器・リンパ系,出血傾向,免疫性血小板減少症<ITP>,,TBL-01-00-012,JlvnlYs
血液・造血器・リンパ系,出血傾向,血友病,,TBL-01-00-013,JlvnlY8
血液・造血器・リンパ系,出血傾向,播種性血管内凝固<DIC>,●,TBL-01-00-014,JlvnlZE
血液・造血器・リンパ系,出血傾向,溶血性尿毒症症候群<HUS>,,TBL-01-00-015,JlvnlZI
血液・造血器・リンパ系,出血傾向,血栓性血小板減少性紫斑病<TTP>,,TBL-01-00-016,JlvnlZQ
血液・造血器・リンパ系,出血傾向,ビタミンK欠乏症,,TBL-01-00-017,JlvnlZY
血液・造血器・リンパ系,血栓傾向,プロテインC・プロテインS・アンチトロンビン欠乏症,,TBL-01-00-018,JlvnlZk
血液・造血器・リンパ系,血栓傾向,抗リン脂質抗体症候群,,TBL-01-00-019,JlvnlZo
血液・造血器・リンパ系,血栓傾向,播種性血管内凝固<DIC>,,TBL-01-00-020,JlvnlZ0
血液・造血器・リンパ系,血栓傾向,溶血性尿毒症症候群<HUS>,,TBL-01-00-021,JlvnlZw
血液・造血器・リンパ系,血栓傾向,血栓性血小板減少性紫斑病<TTP>,,TBL-01-00-022,JlvnlZs
血液・造血器・リンパ系,その他の重要な造血系疾患,無顆粒球症,,TBL-01-00-023,Jlvnlbs
血液・造血器・リンパ系,その他の重要な造血系疾患,血球貪食症候群,,TBL-01-00-024,Jlvnlbw
血液・造血器・リンパ系,その他の重要な造血系疾患,移植片対宿主病<GVHD>,,TBL-01-00-025,Jlvnlb4
神経系,脳血管障害,脳出血,●,TBL-01-00-026,JlvnlcA
神経系,脳血管障害,くも膜下出血,●,TBL-01-00-027,JlvnlcE
神経系,脳血管障害,脳梗塞,●,TBL-01-00-028,JlvnlcQ
神経系,脳血管障害,一過性脳虚血発作,●,TBL-01-00-029,JlvnlcY
神経系,脳血管障害,脳動脈瘤,,TBL-01-00-030,Jlvnlcg
神経系,脳血管障害,脳動静脈奇形,,TBL-01-00-031,Jlvnlck
神経系,脳血管障害,もやもや病,,TBL-01-00-032,Jlvnlcs
神経系,感染性・炎症性疾患・脱髄性疾患,脳炎・髄膜炎,●,TBL-01-00-033,Jlvnlcw
神経系,感染性・炎症性疾患・脱髄性疾患,脳症,,TBL-01-00-034,Jlvnlc4
神経系,感染性・炎症性疾患・脱髄性疾患,脳膿瘍,,TBL-01-00-035,Jlvnlc8
神経系,感染性・炎症性疾患・脱髄性疾患,多発性硬化症,●,TBL-01-00-036,JlvnldE
神経系,認知症と変性疾患,Alzheimer型認知症,●,TBL-01-00-037,JlvnldM
神経系,認知症と変性疾患,Lewy小体型認知症,,TBL-01-00-038,JlvnldQ
神経系,認知症と変性疾患,脳血管性認知症,,TBL-01-00-039,JlvnldY
神経系,認知症と変性疾患,Parkinson病,●,TBL-01-00-040,Jlvnldc
神経系,認知症と変性疾患,筋萎縮性側索硬化症,,TBL-01-00-041,Jlvnldk
神経系,認知症と変性疾患,多系統萎縮症,,TBL-01-00-042,Jlvnldo
神経系,末梢神経・神経 筋接合部・筋疾患,栄養障害性ニューロパチー,,TBL-01-00-043,Jlvnldw
神経系,末梢神経・神経 筋接合部・筋疾患,中毒性ニューロパチー,,TBL-01-00-044,Jlvnld0
神経系,末梢神経・神経 筋接合部・筋疾患,遺伝性ニューロパチー,,TBL-01-00-045,Jlvnld8
神経系,末梢神経・神経 筋接合部・筋疾患,Guillain-Barré症候群,,TBL-01-00-046,JlvnleA
神経系,末梢神経・神経 筋接合部・筋疾患,顔面神経麻痺（Bell麻痺、Ramsay Hunt症候群を含む）,,TBL-01-00-047,JlvnleE
神経系,末梢神経・神経 筋接合部・筋疾患,反回神経麻痺,,TBL-01-00-048,JlvnleI
神経系,末梢神経・神経 筋接合部・筋疾患,主な神経痛（三叉神経痛・坐骨神経痛）,,TBL-01-00-049,JlvnleQ
神経系,末梢神経・神経 筋接合部・筋疾患,重症筋無力症,●,TBL-01-00-050,JlvnleU
神経系,末梢神経・神経 筋接合部・筋疾患,進行性筋ジストロフィー,,TBL-01-00-051,Jlvnlec
神経系,末梢神経・神経 筋接合部・筋疾患,周期性四肢麻痺,,TBL-01-00-052,Jlvnleg
神経系,発作性・機能性・自律神経系疾患,全般てんかん,●,TBL-01-00-053,Jlvnleo
神経系,発作性・機能性・自律神経系疾患,局在関連てんかん,●,TBL-01-00-054,Jlvnles
神経系,発作性・機能性・自律神経系疾患,片頭痛,●,TBL-01-00-055,Jlvnle0
神経系,発作性・機能性・自律神経系疾患,緊張型頭痛,●,TBL-01-00-056,Jlvnle8
神経系,頭部外傷,脳挫傷,,TBL-01-00-057,JlvnlfA
神経系,頭部外傷,脳振盪,,TBL-01-00-058,JlvnlfI
神経系,頭部外傷,急性硬膜外血腫,●,TBL-01-00-059,JlvnlfU
神経系,頭部外傷,硬膜下血腫（急性・慢性）,●,TBL-01-00-060,JlvnlfY
神経系,頭部外傷,頭蓋骨骨折,,TBL-01-00-061,Jlvnlfg
神経系,頭部外傷,頭部外傷後の高次機能障害,,TBL-01-00-062,Jlvnlfo
皮膚系,湿疹・皮膚炎,湿疹反応（湿疹三角）,●,TBL-01-00-063,JlvnlgE
皮膚系,湿疹・皮膚炎,痒疹,,TBL-01-00-064,Jlvnlmk
皮膚系,湿疹・皮膚炎,接触皮膚炎,●,TBL-01-00-065,JlvnlgM
皮膚系,湿疹・皮膚炎,アトピー性皮膚炎,●,TBL-01-00-066,JlvnlgQ
皮膚系,湿疹・皮膚炎,脂漏性皮膚炎,,TBL-01-00-067,JlvnlgY
皮膚系,湿疹・皮膚炎,貨幣状湿疹,,TBL-01-00-068,Jlvnlgg
皮膚系,湿疹・皮膚炎,皮脂欠乏性湿疹,,TBL-01-00-069,Jlvnlgk
皮膚系,湿疹・皮膚炎,自家感作性皮膚炎,,TBL-01-00-070,Jlvnlgs
皮膚系,蕁麻疹、紅斑症、紅皮症と皮膚そう痒症,蕁麻疹,●,TBL-01-00-071,Jlvnlg4
皮膚系,蕁麻疹、紅斑症、紅皮症と皮膚そう痒症,多形滲出性紅斑,,TBL-01-00-072,JlvnlhE
皮膚系,蕁麻疹、紅斑症、紅皮症と皮膚そう痒症,結節性紅斑,,TBL-01-00-073,JlvnlhI
皮膚系,蕁麻疹、紅斑症、紅皮症と皮膚そう痒症,環状紅斑,,TBL-01-00-074,JlvnlhQ
皮膚系,蕁麻疹、紅斑症、紅皮症と皮膚そう痒症,紅皮症,,TBL-01-00-075,JlvnlhU
皮膚系,蕁麻疹、紅斑症、紅皮症と皮膚そう痒症,皮膚そう痒症,,TBL-01-00-076,Jlvnlhc
皮膚系,薬疹・薬物障害,固定薬疹,,TBL-01-00-077,Jlvnlh0
皮膚系,薬疹・薬物障害,Stevens-Johnson症候群,●,TBL-01-00-078,Jlvnlh8
皮膚系,薬疹・薬物障害,中毒性表皮壊死症（TEN）,,TBL-01-00-079,
皮膚系,薬疹・薬物障害,薬剤性過敏症症候群<DIHS>,,TBL-01-00-080,JlvnliI
皮膚系,水疱症と膿疱,掌蹠膿疱症,,TBL-01-00-081,Jlvnlic
皮膚系,乾癬と角化症,尋常性乾癬,,TBL-01-00-082,Jlvnlio
皮膚系,乾癬と角化症,扁平苔癬,,TBL-01-00-083,Jlvnlis
皮膚系,乾癬と角化症,Gibert薔薇色粃糠疹,,TBL-01-00-084,Jlvnli0
皮膚系,皮膚感染症,伝染性膿痂疹,,TBL-01-00-085,JlvnljA
皮膚系,皮膚感染症,せつ・癰,,TBL-01-00-086,JlvnljE
皮膚系,皮膚感染症,毛嚢炎,,TBL-01-00-087,JlvnljM
皮膚系,皮膚感染症,丹毒,,TBL-01-00-088,JlvnljY
皮膚系,皮膚感染症,ブドウ球菌性熱傷様皮膚症候群<SSSS>,,TBL-01-00-089,Jlvnljg
皮膚系,皮膚感染症,蜂窩織炎,●,TBL-01-00-090,Jlvnljk
皮膚系,皮膚感染症,壊死性筋膜炎,,TBL-01-00-091,Jlvnljs
皮膚系,皮膚感染症,皮膚真菌症（表在性・深在性）,,TBL-01-00-092,Jlvnljw
皮膚系,皮膚感染症,皮膚抗酸菌症,,TBL-01-00-093,Jlvnlj4
皮膚系,皮膚感染症,疥癬,●,TBL-01-00-094,Jlvnlj8
皮膚系,皮膚感染症,後天性免疫不全症候群<AIDS>に伴う皮膚症状（梅毒・難治性ヘルペス・伝染性軟属腫・Kaposi肉腫等）,●,TBL-01-00-095,Jlvnlk8
皮膚系,皮膚感染症,単純ヘルペス,●,TBL-01-00-096,JlvnlkE
皮膚系,皮膚感染症,帯状疱疹,●,TBL-01-00-097,JlvnlkM
皮膚系,皮膚感染症,尋常性疣贅,,TBL-01-00-098,JlvnlkQ
皮膚系,皮膚感染症,伝染性軟属腫,,TBL-01-00-099,JlvnlkY
皮膚系,皮膚感染症,麻疹,,TBL-01-00-100,Jlvnlkc
皮膚系,皮膚感染症,風疹,,TBL-01-00-101,Jlvnlkk
皮膚系,皮膚感染症,水痘,,TBL-01-00-102,Jlvnlko
皮膚系,皮膚感染症,伝染性紅斑,,TBL-01-00-103,Jlvnlkw
皮膚系,皮膚感染症,手足口病,,TBL-01-00-104,Jlvnlk0
皮膚系,母斑性皮膚疾患,母斑,,TBL-01-00-105,JlvnllE
皮膚系,付属器疾患,爪の疾患（匙状爪・嵌入爪）,,TBL-01-00-106,Jlvnllg
皮膚系,付属器疾患,汗疹,,TBL-01-00-107,Jlvnllo
皮膚系,付属器疾患,多汗症,,TBL-01-00-108,Jlvnlls
皮膚系,付属器疾患,無汗症,,TBL-01-00-109,Jlvnll0
皮膚系,その他,尋常性痤瘡,,TBL-01-00-110,Jlvnll4
皮膚系,その他,酒皶様皮膚炎,,TBL-01-00-111,JlvnlmA
皮膚系,その他,褥瘡,●,TBL-01-00-112,JlvnlmI
皮膚系,その他,ケロイド,,TBL-01-00-113,JlvnlmM
皮膚系,その他,粉瘤,,TBL-01-00-114,JlvnlmU
皮膚系,その他,尋常性白斑,,TBL-01-00-115,JlvnlmY
皮膚系,その他,壊疽性膿皮症,,TBL-01-00-116,Jlvnlmg
皮膚系,その他,凍傷・電撃傷,,TBL-01-00-117,Jlvnlm4
運動器（筋骨格）系,外傷,四肢・脊椎外傷,,TBL-01-00-118,Jlvnlm8
運動器（筋骨格）系,外傷,脊髄損傷,●,TBL-01-00-119,Jlvnlpc
運動器（筋骨格）系,外傷,骨折,●,TBL-01-00-120,Jlvnlnk
運動器（筋骨格）系,外傷,脱臼,,TBL-01-00-121,JlvnlnE
運動器（筋骨格）系,外傷,腱・靱帯・半月板損傷,,TBL-01-00-122,JlvnlnQ
運動器（筋骨格）系,外傷,筋損傷・挫滅症候群・コンパートメント症候群,,TBL-01-00-123,Jlvnlno
運動器（筋骨格）系,スポーツ外傷,肉離れ,,TBL-01-00-124,JmpYuec
運動器（筋骨格）系,スポーツ外傷,突き指,,TBL-01-00-125,JmpYnGo
運動器（筋骨格）系,絞扼性末梢神経障害,胸郭出口症候群,,TBL-01-00-126,JlvnlpA
運動器（筋骨格）系,絞扼性末梢神経障害,手根管症候群,,TBL-01-00-127,JlvnlpI
運動器（筋骨格）系,絞扼性末梢神経障害,肘部管症候群等,,TBL-01-00-128,JlvnlpQ
運動器（筋骨格）系,感染性疾患,化膿性関節炎,,TBL-01-00-129,JlvnlqM
運動器（筋骨格）系,感染性疾患,骨髄炎,,TBL-01-00-130,JlvnlqU
運動器（筋骨格）系,感染性疾患,椎間板炎・化膿性脊椎炎・脊椎カリエス,,TBL-01-00-131,JlvnlqY
運動器（筋骨格）系,代謝性骨疾患,骨粗鬆症,●,TBL-01-00-132,Jlvnlnw
運動器（筋骨格）系,代謝性骨疾患,くる病・骨軟化症,,TBL-01-00-133,Jlvnln4
運動器（筋骨格）系,先天性疾患,側弯症,,TBL-01-00-134,Jlvnlqk
運動器（筋骨格）系,先天性疾患,内反足,,TBL-01-00-135,Jlvnlqw
運動器（筋骨格）系,骨壊死・骨端症・軟骨の障害,特発性大腿骨頭壊死症,,TBL-01-00-136,JlvnlrA
運動器（筋骨格）系,骨壊死・骨端症・軟骨の障害,離断性骨軟骨炎,,TBL-01-00-137,JlvnlrQ
運動器（筋骨格）系,脊椎・脊髄疾患,脊椎症・脊髄症・神経根症（脊柱靭帯骨化症を含む）,,TBL-01-00-138,JlvnlpU
運動器（筋骨格）系,脊椎・脊髄疾患,脊椎椎間板ヘルニア,●,TBL-01-00-139,Jlvnlpg
運動器（筋骨格）系,脊椎・脊髄疾患,脊柱管狭窄症,●,TBL-01-00-140,Jlvnlpo
運動器（筋骨格）系,脊椎・脊髄疾患,脊椎分離・すべり症,,TBL-01-00-141,Jlvnlps
運動器（筋骨格）系,滑膜炎、関節炎,関節炎,,TBL-01-00-142,JlvnloE
運動器（筋骨格）系,滑膜炎、関節炎,腱鞘炎,,TBL-01-00-143,JlvnloI
運動器（筋骨格）系,滑膜炎、関節炎,滑液包炎,,TBL-01-00-144,JlvnloQ
運動器（筋骨格）系,その他の関節疾患,関節拘縮,,TBL-01-00-145,JlvnlnY
運動器（筋骨格）系,その他の関節疾患,変形性関節症,●,TBL-01-00-146,Jlvnloc
運動器（筋骨格）系,その他の関節疾患,外反母趾,,TBL-01-00-147,Jlvnlok
運動器（筋骨格）系,その他の関節疾患,外反膝・内反膝・反張膝,,TBL-01-00-148,Jlvnloo
運動器（筋骨格）系,その他の関節疾患,神経病性関節症,,TBL-01-00-149,Jlvnlo8
運動器（筋骨格）系,その他の関節疾患,肘内障,,TBL-01-00-150,JlvnlnM
運動器（筋骨格）系,その他の関節疾患,上腕骨外側上顆炎,,TBL-01-00-151,JmpYnGs
運動器（筋骨格）系,運動器慢性疼痛,肩関節周囲炎,,TBL-01-00-152,JlvnlqI
運動器（筋骨格）系,運動器慢性疼痛,肩こり,,TBL-01-00-153,JlvnlqA
運動器（筋骨格）系,運動器の障害,ロコモティブシンドローム,,TBL-01-00-154,
運動器（筋骨格）系,運動器の障害,サルコペニア,,TBL-01-00-155,
循環器系,心不全,左心不全,,TBL-01-00-156,Jlvnlrk
循環器系,心不全,右心不全,,TBL-01-00-157,Jlvnlro
循環器系,心不全,急性心不全,,TBL-01-00-158,Jlvnlrw
循環器系,心不全,慢性心不全,,TBL-01-00-159,Jlvnlr4
循環器系,虚血性心疾患,労作性狭心症,●,TBL-01-00-160,Jlvnlr8
循環器系,虚血性心疾患,冠攣縮性狭心症,●,TBL-01-00-161,JlvnlsE
循環器系,虚血性心疾患,不安定狭心症,●,TBL-01-00-162,JlvnlsI
循環器系,虚血性心疾患,急性心筋梗塞,●,TBL-01-00-163,JlvnlsQ
循環器系,不整脈,洞不全症候群,,TBL-01-00-164,JlvnlsU
循環器系,不整脈,房室ブロック,●,TBL-01-00-165,Jlvnlsc
循環器系,不整脈,心房細動,●,TBL-01-00-166,Jlvnlsg
循環器系,不整脈,心房粗動,●,TBL-01-00-167,Jlvnlso
循環器系,不整脈,発作性上室頻拍症,●,TBL-01-00-168,Jlvnlsw
循環器系,不整脈,心室頻拍,●,TBL-01-00-169,Jlvnls0
循環器系,不整脈,多源性心室頻拍（torsades de pointes),,TBL-01-00-170,Jlvnls8
循環器系,不整脈,心室細動,●,TBL-01-00-171,JlvnltA
循環器系,不整脈,期外収縮(上室性・心室性),●,TBL-01-00-172,JlvnltI
循環器系,不整脈,WPW症候群,,TBL-01-00-173,JlvnltU
循環器系,不整脈,Brugada症候群,,TBL-01-00-174,Jlvnltc
循環器系,弁膜症,僧帽弁疾患(狭窄・閉鎖不全),●,TBL-01-00-175,Jlvnltg
循環器系,弁膜症,大動脈弁疾患（狭窄・閉鎖不全）,●,TBL-01-00-176,Jlvnlts
循環器系,弁膜症,三尖弁閉鎖不全,,TBL-01-00-177,Jlvnlt4
循環器系,心筋・心膜疾患,特発性心筋症（肥大型・拡張型・拘束型）,●,TBL-01-00-178,JlvnluA
循環器系,心筋・心膜疾患,二次性心筋疾患,,TBL-01-00-179,JlvnluU
循環器系,心筋・心膜疾患,急性心筋炎,●,TBL-01-00-180,JlvnluY
循環器系,心筋・心膜疾患,感染性心内膜炎,●,TBL-01-00-181,Jlvnlug
循環器系,心筋・心膜疾患,急性心膜炎,,TBL-01-00-182,Jlvnluk
循環器系,心筋・心膜疾患,収縮性心膜炎,,TBL-01-00-183,Jlvnlus
循環器系,心筋・心膜疾患,心タンポナーデ,,TBL-01-00-184,Jlvnluw
循環器系,先天性心疾患,心房中隔欠損症,,TBL-01-00-185,Jlvnlu4
循環器系,先天性心疾患,心室中隔欠損症,,TBL-01-00-186,Jlvnlu8
循環器系,先天性心疾患,動脈管開存,,TBL-01-00-187,JlvnlvE
循環器系,先天性心疾患,Fallot四徴症,,TBL-01-00-188,JlvnlvM
循環器系,動脈疾患,動脈硬化症,,TBL-01-00-189,JlvnlvQ
循環器系,動脈疾患,急性大動脈解離,●,TBL-01-00-190,JlvnlvY
循環器系,動脈疾患,大動脈瘤（胸部・腹部）,●,TBL-01-00-191,Jlvnlvc
循環器系,動脈疾患,閉塞性動脈硬化症,●,TBL-01-00-192,Jlvnlvk
循環器系,動脈疾患,Buerger病,,TBL-01-00-193,Jlvnlvo
循環器系,動脈疾患,高安動脈炎(大動脈炎症候群),,TBL-01-00-194,Jlvnlvw
循環器系,静脈・リンパ管疾患,深部静脈血栓症,●,TBL-01-00-195,Jlvnlv0
循環器系,静脈・リンパ管疾患,上大静脈症候群,,TBL-01-00-196,JlvnlwE
循環器系,静脈・リンパ管疾患,下肢静脈瘤,●,TBL-01-00-197,JlvnlwI
循環器系,静脈・リンパ管疾患,リンパ浮腫,,TBL-01-00-198,JlvnlwQ
循環器系,高血圧症,高血圧症（本態性・二次性）,,TBL-01-00-199,JlvnlwU
循環器系,高血圧症,高血圧緊急症,,TBL-01-00-200,Jlvnlwg
循環器系,低血圧症,起立性低血圧,●,TBL-01-00-201,Jlvnlwo
循環器系,低血圧症,反射性失神（神経調節性失神）,,TBL-01-00-202,Jlvnlws
呼吸器系,呼吸不全,低酸素血症と高二酸化炭素血症,,TBL-01-00-203,Jlvnlw8
呼吸器系,呼吸器感染症,急性上気道感染症（かぜ症候群）,●,TBL-01-00-204,JlvnlxA
呼吸器系,呼吸器感染症,扁桃炎,●,TBL-01-00-205,JlvnlxI
呼吸器系,呼吸器感染症,気管支炎,●,TBL-01-00-206,JlvnlxM
呼吸器系,呼吸器感染症,細気管支炎,,TBL-01-00-207,JlvnlxU
呼吸器系,呼吸器感染症,肺炎（定型・非定型）,●,TBL-01-00-208,Jlvnlxc
呼吸器系,呼吸器感染症,肺結核症,●,TBL-01-00-209,Jlvnlxg
呼吸器系,呼吸器感染症,非結核性抗酸菌症,,TBL-01-00-210,Jlvnlxo
呼吸器系,呼吸器感染症,肺真菌症,,TBL-01-00-211,Jlvnlxs
呼吸器系,呼吸器感染症,誤嚥性肺炎,,TBL-01-00-212,Jlvnlx0
呼吸器系,呼吸器感染症,肺化膿症・膿胸,,TBL-01-00-213,Jlvnlx4
呼吸器系,呼吸器感染症,クループ症候群,,TBL-01-00-214,JlvnlyA
呼吸器系,閉塞性換気障害・拘束性換気障害,慢性閉塞性肺疾患（COPD）,●,TBL-01-00-215,JlvnlyE
呼吸器系,閉塞性換気障害・拘束性換気障害,気腫性嚢胞（ブレブ・ブラ）,,TBL-01-00-216,JlvnlyM
呼吸器系,閉塞性換気障害・拘束性換気障害,気管支喘息（咳喘息を含む）,●,TBL-01-00-217,JlvnlyQ
呼吸器系,閉塞性換気障害・拘束性換気障害,特発性間質性肺炎,,TBL-01-00-218,JlvnlyY
呼吸器系,閉塞性換気障害・拘束性換気障害,膠原病血管炎関連性間質性肺炎,,TBL-01-00-219,Jlvnlyc
呼吸器系,閉塞性換気障害・拘束性換気障害,珪肺,,TBL-01-00-220,Jlvnlyw
呼吸器系,閉塞性換気障害・拘束性換気障害,石綿肺,,TBL-01-00-221,Jlvnly4
呼吸器系,閉塞性換気障害・拘束性換気障害,びまん性汎細気管支炎,,TBL-01-00-222,Jlvnlyk
呼吸器系,閉塞性換気障害・拘束性換気障害,放射線肺炎,,TBL-01-00-223,Jlvnlys
呼吸器系,肺循環障害,肺性心,,TBL-01-00-224,Jlvnly8
呼吸器系,肺循環障害,肺血栓塞栓症,●,TBL-01-00-225,JlvnlzI
呼吸器系,肺循環障害,肺高血圧症（原発性・二次性）,,TBL-01-00-226,JlvnlzQ
呼吸器系,免疫学的機序による肺疾患,過敏性肺炎,,TBL-01-00-227,Jlvnlzk
呼吸器系,免疫学的機序による肺疾患,サルコイドーシス,,TBL-01-00-228,Jlvnlzo
呼吸器系,免疫学的機序による肺疾患,好酸球性肺炎,,TBL-01-00-229,Jlvnlzw
呼吸器系,免疫学的機序による肺疾患,薬剤性肺炎,,TBL-01-00-230,Jlvnlz0
呼吸器系,免疫学的機序による肺疾患,アレルギー性気管支肺アスペルギルス症<ABPA>,,TBL-01-00-231,Jlvnlz8
呼吸器系,異常呼吸,過換気症候群,,TBL-01-00-232,Jlvnl0A
呼吸器系,異常呼吸,睡眠時無呼吸症候群,●,TBL-01-00-233,Jlvnl0I
呼吸器系,その他の機序による肺疾患,気管支拡張症,,TBL-01-00-234,Jlvnl0U
呼吸器系,その他の機序による肺疾患,無気肺,,TBL-01-00-235,Jlvnl0c
呼吸器系,その他の機序による肺疾患,急性呼吸促(窮)迫症候群<ARDS>,●,TBL-01-00-236,JlvnlzE
呼吸器系,その他の機序による肺疾患,新生児呼吸促迫症候群<IRDS>,,TBL-01-00-237,Jlvnl0g
呼吸器系,その他の機序による肺疾患,肺リンパ脈管筋腫症<LAM>,,TBL-01-00-238,Jlvnl0o
呼吸器系,その他の機序による肺疾患,肺胞タンパク症,,TBL-01-00-239,Jlvnl0s
呼吸器系,胸膜・縦隔疾患・横隔膜,胸膜炎,,TBL-01-00-240,Jlvnl08
呼吸器系,胸膜・縦隔疾患・横隔膜,気胸（自然・緊張性・外傷性）,●,TBL-01-00-241,Jlvnl1A
呼吸器系,胸膜・縦隔疾患・横隔膜,縦隔気腫,,TBL-01-00-242,Jlvnl1U
呼吸器系,胸膜・縦隔疾患・横隔膜,血胸,,TBL-01-00-243,Jlvnl1Y
呼吸器系,胸膜・縦隔疾患・横隔膜,縦隔炎,,TBL-01-00-244,Jlvnl1o
呼吸器系,胸膜・縦隔疾患・横隔膜,胸郭変形（漏斗胸）,,TBL-01-00-245,Jlvnl1s
呼吸器系,胸膜・縦隔疾患・横隔膜,横隔神経麻痺,,TBL-01-00-246,Jlvnl10
呼吸器系,胸膜・縦隔疾患・横隔膜,横隔膜ヘルニア,,TBL-01-00-247,Jlvnl14
消化器系,食道疾患,食道・胃静脈瘤,●,TBL-01-00-248,Jlvnl2E
消化器系,食道疾患,胃食道逆流症<GERD>,●,TBL-01-00-249,Jlvnl2M
消化器系,食道疾患,逆流性食道炎,,TBL-01-00-250,Jlvnl2U
消化器系,食道疾患,Mallory-Weiss症候群,,TBL-01-00-251,Jlvnl2Y
消化器系,食道疾患,食道アカラシア,,TBL-01-00-252,Jlvnl2g
消化器系,胃・十二指腸疾患,消化性潰瘍（胃潰瘍・十二指腸潰瘍),●,TBL-01-00-253,Jlvnl2k
消化器系,胃・十二指腸疾患,Helicobacter pylori感染症,,TBL-01-00-254,Jlvnl2s
消化器系,胃・十二指腸疾患,急性胃粘膜病変,,TBL-01-00-255,Jlvnl24
消化器系,胃・十二指腸疾患,慢性胃炎,,TBL-01-00-256,Jlvnl3E
消化器系,胃・十二指腸疾患,機能性消化管障害（機能性ディスペプシア）,●,TBL-01-00-257,Jlvnl3Q
消化器系,胃・十二指腸疾患,胃ポリープ,,TBL-01-00-258,Jlvnl2w
消化器系,胃・十二指腸疾患,胃切除後症候群,,TBL-01-00-259,Jlvnl3M
消化器系,胃・十二指腸疾患,肥厚性幽門狭窄症,,TBL-01-00-260,Jlvnl3Y
消化器系,胃・十二指腸疾患,胃アニサキス症,,TBL-01-00-261,Jlvnl3c
消化器系,小腸・大腸疾患,大腸憩室炎,,TBL-01-00-262,Jlvnl38
消化器系,小腸・大腸疾患,大腸憩室出血,,TBL-01-00-263,Jlvnl4E
消化器系,小腸・大腸疾患,急性虫垂炎,●,TBL-01-00-264,Jlvnl3k
消化器系,小腸・大腸疾患,腸閉塞,●,TBL-01-00-265,Jlvnl3o
消化器系,小腸・大腸疾患,腸重積症,,TBL-01-00-266,Jlvnl4g
消化器系,小腸・大腸疾患,痔核・痔瘻,●,TBL-01-00-267,Jlvnl30
消化器系,小腸・大腸疾患,便秘症,●,TBL-01-00-268,Jlvnl4o
消化器系,小腸・大腸疾患,機能性消化管障害（過敏性腸症候群）,●,TBL-01-00-269,Jlvnl34
消化器系,小腸・大腸疾患,感染性腸炎,,TBL-01-00-270,Jlvnl4s
消化器系,小腸・大腸疾患,虚血性大腸炎,,TBL-01-00-271,Jlvnl48
消化器系,小腸・大腸疾患,潰瘍性大腸炎,●,TBL-01-00-272,Jlvnl3s
消化器系,小腸・大腸疾患,Crohn病,●,TBL-01-00-273,Jlvnl3w
消化器系,小腸・大腸疾患,乳児下痢症,,TBL-01-00-274,Jlvnl40
消化器系,小腸・大腸疾患,鎖肛,,TBL-01-00-275,Jlvnl4U
消化器系,小腸・大腸疾患,Hirschsprung病,,TBL-01-00-276,Jlvnl4c
消化器系,小腸・大腸疾患,急性出血性直腸潰瘍,,TBL-01-00-277,Jlvnl5A
消化器系,小腸・大腸疾患,上腸間膜動脈閉塞症,,TBL-01-00-278,Jlvnl5I
消化器系,消化管共通疾患,消化管ポリポーシス,,TBL-01-00-279,Jlvnl4Q
消化器系,消化管共通疾患,急性胃腸炎,●,TBL-01-00-280,Jlvnl28
消化器系,消化管共通疾患,薬物性消化管障害,,TBL-01-00-281,Jlvnl4I
消化器系,肝疾患,A型肝炎,●,TBL-01-00-282,Jlvnl50
消化器系,肝疾患,B型肝炎,●,TBL-01-00-283,Jlvnl54
消化器系,肝疾患,C型肝炎,●,TBL-01-00-284,Jlvnl6A
消化器系,肝疾患,急性肝炎,●,TBL-01-00-285,Jlvnl6Q
消化器系,肝疾患,慢性肝炎,●,TBL-01-00-286,Jlvnl6Y
消化器系,肝疾患,急性肝不全,●,TBL-01-00-287,Jlvnl6g
消化器系,肝疾患,脂肪肝,●,TBL-01-00-288,Jlvnl7c
消化器系,肝疾患,アルコール性肝障害,●,TBL-01-00-289,Jlvnl64
消化器系,肝疾患,薬物性肝障害,,TBL-01-00-290,Jlvnl68
消化器系,肝疾患,肝膿瘍,,TBL-01-00-291,Jlvnl7E
消化器系,肝疾患,原発性胆汁性胆管炎<PBC>,,TBL-01-00-292,Jlvnl7I
消化器系,肝疾患,原発性硬化性胆管炎,,TBL-01-00-293,Jlvnl7Q
消化器系,肝疾患,自己免疫性肝炎,,TBL-01-00-294,Jlvnl7Y
消化器系,肝疾患,肝硬変,,TBL-01-00-295,
消化器系,肝疾患,門脈圧亢進症,●,TBL-01-00-296,Jlvnl6k
消化器系,肝疾患,肝性脳症,●,TBL-01-00-297,Jlvnl6s
消化器系,肝疾患,肝癌,●,TBL-01-00-298,Jlvnl6w
消化器系,胆道疾患,胆石症,●,TBL-01-00-299,Jlvnl5M
消化器系,胆道疾患,胆嚢炎,●,TBL-01-00-300,Jlvnl5U
消化器系,胆道疾患,胆管炎,●,TBL-01-00-301,Jlvnl5Y
消化器系,胆道疾患,胆嚢ポリープ,,TBL-01-00-302,Jlvnl5g
消化器系,胆道疾患,先天性胆道拡張症,,TBL-01-00-303,Jlvnl5k
消化器系,胆道疾患,膵・胆管合流異常症,,TBL-01-00-304,Jlvnl5s
消化器系,膵臓疾患,急性膵炎（アルコール性・胆石性・特発性）,●,TBL-01-00-305,Jlvnl7k
消化器系,膵臓疾患,慢性膵炎（アルコール性・特発性）,●,TBL-01-00-306,Jlvnl7o
消化器系,膵臓疾患,自己免疫性膵炎,,TBL-01-00-307,Jlvnl7w
消化器系,腹膜・腹壁・横隔膜疾患,腹膜炎,●,TBL-01-00-308,Jlvnl70
消化器系,腹膜・腹壁・横隔膜疾患,ヘルニア（滑脱・嵌頓・絞扼）,,TBL-01-00-309,Jlvnl78
消化器系,腹膜・腹壁・横隔膜疾患,鼠径部ヘルニア,●,TBL-01-00-310,Jlvnl8E
腎・尿路系（体液・電解質バランスを含む）,腎機能の障害,急性腎障害<AKI>,●,TBL-01-00-311,Jlvnl8Q
腎・尿路系（体液・電解質バランスを含む）,腎機能の障害,慢性腎臓病<CKD>,●,TBL-01-00-312,Jlvnl8U
腎・尿路系（体液・電解質バランスを含む）,腎機能の障害,慢性腎不全,,TBL-01-00-313,Jlvnl8c
腎・尿路系（体液・電解質バランスを含む）,電解質異常,高・低ナトリウム血症,●,TBL-01-00-314,Jlvnl8g
腎・尿路系（体液・電解質バランスを含む）,電解質異常,高・低カリウム血症,●,TBL-01-00-315,Jlvnl8o
腎・尿路系（体液・電解質バランスを含む）,電解質異常,高・低カルシウム血症,●,TBL-01-00-316,Jlvnl8s
腎・尿路系（体液・電解質バランスを含む）,電解質異常,高・低リン血症,,TBL-01-00-317,Jlvnl80
腎・尿路系（体液・電解質バランスを含む）,電解質異常,高・低マグネシウム血症,,TBL-01-00-318,Jlvnl84
腎・尿路系（体液・電解質バランスを含む）,酸・塩基平衡障害,アシドーシス（代謝性・呼吸性）,,TBL-01-00-319,Jlvnl9A
腎・尿路系（体液・電解質バランスを含む）,酸・塩基平衡障害,アルカローシス（代謝性・呼吸性）,,TBL-01-00-320,Jlvnl9I
腎・尿路系（体液・電解質バランスを含む）,原発性糸球体疾患,急性糸球体腎炎,●,TBL-01-00-321,Jlvnl9M
腎・尿路系（体液・電解質バランスを含む）,原発性糸球体疾患,IgA腎症,●,TBL-01-00-322,Jlvnl9U
腎・尿路系（体液・電解質バランスを含む）,原発性糸球体疾患,膜性腎症,●,TBL-01-00-323,Jlvnl9Y
腎・尿路系（体液・電解質バランスを含む）,原発性糸球体疾患,巣状分節性糸球体硬化症,,TBL-01-00-324,Jlvnl9g
腎・尿路系（体液・電解質バランスを含む）,原発性糸球体疾患,微小変化群,●,TBL-01-00-325,Jlvnl9k
腎・尿路系（体液・電解質バランスを含む）,原発性糸球体疾患,膜性増殖性糸球体腎炎,,TBL-01-00-326,Jlvnl9s
腎・尿路系（体液・電解質バランスを含む）,高血圧及び腎血管障害,腎硬化症,,TBL-01-00-327,Jlvnl90
腎・尿路系（体液・電解質バランスを含む）,高血圧及び腎血管障害,腎血管性高血圧症,,TBL-01-00-328,Jlvnl94
腎・尿路系（体液・電解質バランスを含む）,尿細管・間質性疾患,尿細管性アシドーシス,,TBL-01-00-329,Jlvnl-A
腎・尿路系（体液・電解質バランスを含む）,尿細管・間質性疾患,尿細管間質性腎炎（急性・慢性）,,TBL-01-00-330,Jlvnl-E
腎・尿路系（体液・電解質バランスを含む）,尿細管・間質性疾患,急性腎盂腎炎,●,TBL-01-00-331,Jlvnl-M
腎・尿路系（体液・電解質バランスを含む）,全身性疾患による腎障害,糖尿病腎障害,●,TBL-01-00-332,Jlvnl-Q
腎・尿路系（体液・電解質バランスを含む）,全身性疾患による腎障害,IgA血管炎,,TBL-01-00-333,Jlvnl-Y
腎・尿路系（体液・電解質バランスを含む）,全身性疾患による腎障害,アミロイド腎症,,TBL-01-00-334,Jlvnl-g
腎・尿路系（体液・電解質バランスを含む）,全身性疾患による腎障害,抗糸球体基底膜病<抗GBM病>,,TBL-01-00-335,Jlvnl-w
腎・尿路系（体液・電解質バランスを含む）,全身性疾患による腎障害,ループス腎炎,,TBL-01-00-336,Jlvnl-k
腎・尿路系（体液・電解質バランスを含む）,全身性疾患による腎障害,血管炎症候群,,TBL-01-00-337,Jlvnl-s
腎・尿路系（体液・電解質バランスを含む）,先天異常と外傷,多発性嚢胞腎,,TBL-01-00-338,Jlvnl-4
腎・尿路系（体液・電解質バランスを含む）,先天異常と外傷,膀胱尿管逆流,,TBL-01-00-339,Jlvnl-8
腎・尿路系（体液・電解質バランスを含む）,先天異常と外傷,腎外傷,,TBL-01-00-340,Jlvnl_E
腎・尿路系（体液・電解質バランスを含む）,尿路疾患,尿路結石,●,TBL-01-00-341,Jlvnl_I
腎・尿路系（体液・電解質バランスを含む）,尿路疾患,神経因性膀胱,,TBL-01-00-342,Jlvnl_g
腎・尿路系（体液・電解質バランスを含む）,尿路疾患,膀胱炎,●,TBL-01-00-343,Jlvnl_Q
腎・尿路系（体液・電解質バランスを含む）,尿路疾患,前立腺炎,●,TBL-01-00-344,Jlvnl_U
腎・尿路系（体液・電解質バランスを含む）,尿路疾患,尿道炎,●,TBL-01-00-345,Jlvnl_c
生殖器系,男性生殖器疾患,男性不妊症,,TBL-01-00-346,Jlvnl_w
生殖器系,男性生殖器疾患,前立腺肥大症,●,TBL-01-00-347,Jlvnl_0
生殖器系,男性生殖器疾患,前立腺炎,,TBL-01-00-348,Jlvnl_8
生殖器系,男性生殖器疾患,停留精巣,,TBL-01-00-349,JlvnmAA
生殖器系,男性生殖器疾患,陰嚢内腫瘤,,TBL-01-00-350,JlvnmAI
生殖器系,男性生殖器疾患,精巣捻転症,,TBL-01-00-351,JlvnmAQ
生殖器系,女性生殖器疾患,機能性月経困難症,●,TBL-01-00-352,JlvnmAo
生殖器系,女性生殖器疾患,内外生殖器の先天異常,,TBL-01-00-353,JlvnmAU
生殖器系,女性生殖器疾患,卵巣機能障害,,TBL-01-00-354,JlvnmAc
生殖器系,女性生殖器疾患,更年期障害,●,TBL-01-00-355,JlvnmA0
生殖器系,女性生殖器疾患,不妊症,,TBL-01-00-356,JlvnmA4
生殖器系,女性生殖器疾患,子宮筋腫・子宮腺筋症,●,TBL-01-00-357,JlvnmBA
生殖器系,女性生殖器疾患,子宮内膜症,●,TBL-01-00-358,JlvnmBE
生殖器系,女性生殖器疾患,外陰・腟と骨盤内感染症,,TBL-01-00-359,JlvnmBM
妊娠と分娩,異常妊娠,妊娠悪阻,,TBL-01-00-360,JlvnmBg
妊娠と分娩,異常妊娠,異所性妊娠,●,TBL-01-00-361,JlvnmBk
妊娠と分娩,異常妊娠,流産・切迫流産,●,TBL-01-00-362,JlvnmBs
妊娠と分娩,異常妊娠,ハイリスク妊娠,,TBL-01-00-363,JlvnmBw
妊娠と分娩,異常妊娠,妊娠高血圧症候群,●,TBL-01-00-364,JlvnmB4
妊娠と分娩,異常妊娠,多胎妊娠,,TBL-01-00-365,JlvnmCA
妊娠と分娩,異常妊娠,前期破水、早期破水,,TBL-01-00-366,JlvnmCE
妊娠と分娩,異常妊娠,切迫早産,●,TBL-01-00-367,JlvnmCM
妊娠と分娩,異常妊娠,胎児機能不全,,TBL-01-00-368,JlvnmCQ
妊娠と分娩,異常分娩,早産,●,TBL-01-00-369,JlvnmCY
妊娠と分娩,異常分娩,微弱陣痛,,TBL-01-00-370,JlvnmCc
妊娠と分娩,異常分娩,遷延分娩,,TBL-01-00-371,JlvnmCk
妊娠と分娩,異常分娩,回旋異常,,TBL-01-00-372,JlvnmCo
妊娠と分娩,異常分娩,前置胎盤,,TBL-01-00-373,JlvnmCw
妊娠と分娩,異常分娩,癒着胎盤,,TBL-01-00-374,JlvnmC4
妊娠と分娩,異常分娩,常位胎盤早期剥離,,TBL-01-00-375,JlvnmC8
妊娠と分娩,異常分娩,分娩外傷,,TBL-01-00-376,JlvnmDE
妊娠と分娩,異常産褥,子宮復古不全,,TBL-01-00-377,JlvnmDI
妊娠と分娩,異常産褥,産褥熱,,TBL-01-00-378,JlvnmDQ
妊娠と分娩,異常産褥,乳腺炎,,TBL-01-00-379,JlvnmDU
妊娠と分娩,産科出血,弛緩出血,,TBL-01-00-380,JlvnmDc
妊娠と分娩,産科出血,羊水塞栓症,,TBL-01-00-381,JlvnmDg
妊娠と分娩,産科出血,播種性血管内凝固<DIC>,,TBL-01-00-382,JlvnmDk
妊娠と分娩,合併症妊娠,貧血,,TBL-01-00-383,JlvnmDo
妊娠と分娩,合併症妊娠,耐糖能異常,,TBL-01-00-384,JlvnmDs
妊娠と分娩,合併症妊娠,甲状腺疾患,,TBL-01-00-385,JlvnmD0
妊娠と分娩,合併症妊娠,免疫性血小板減少症<ITP>,,TBL-01-00-386,JlvnmD8
妊娠と分娩,母子感染,TORCH症候群,,TBL-01-00-387,JlvnmEk
妊娠と分娩,母子感染,B型肝炎,,TBL-01-00-388,JlvnmEA
妊娠と分娩,母子感染,C型肝炎,,TBL-01-00-389,JlvnmEI
妊娠と分娩,母子感染,HIV・AIDS,,TBL-01-00-390,JlvnmEM
妊娠と分娩,母子感染,HTLV-Ⅰ感染症,,TBL-01-00-391,JlvnmEU
妊娠と分娩,母子感染,パルボウイルスB19感染症,,TBL-01-00-392,JlvnmEY
妊娠と分娩,母子感染,B群連鎖球菌感染症,,TBL-01-00-393,JlvnmEg
小児,血液疾患,急性白血病,●,TBL-01-00-394,JlvnmEs
小児,血液疾患,悪性リンパ腫,,TBL-01-00-395,JnekjMI
小児,血液疾患,ビタミンK欠乏症,,TBL-01-00-396,JlvnmE0
小児,神経疾患,熱性けいれん,●,TBL-01-00-397,JlvnmE4
小児,神経疾患,夜驚症,,TBL-01-00-398,
小児,神経疾患,夜尿症,,TBL-01-00-399,
小児,神経疾患,急性脳症,,TBL-01-00-400,
小児,神経疾患,脳性麻痺,●,TBL-01-00-401,JlvnmFA
小児,神経疾患,水頭症,,TBL-01-00-402,JlvnmFE
小児,皮膚疾患,伝染性膿痂疹,,TBL-01-00-403,JlvnmFM
小児,皮膚疾患,ブドウ球菌性熱傷様皮膚症候群<SSSS>,,TBL-01-00-404,JnekjMQ
小児,皮膚疾患,伝染性軟属腫,,TBL-01-00-405,JlvnmFQ
小児,皮膚疾患,麻疹,●,TBL-01-00-406,JlvnmFY
小児,皮膚疾患,風疹,●,TBL-01-00-407,JlvnmFg
小児,皮膚疾患,水痘,●,TBL-01-00-408,JlvnmFk
小児,皮膚疾患,伝染性紅斑,,TBL-01-00-409,JlvnmFs
小児,皮膚疾患,手足口病,,TBL-01-00-410,JlvnmFw
小児,循環器疾患,心房中隔欠損症,,TBL-01-00-411,JlvnmF4
小児,循環器疾患,心室中隔欠損症,,TBL-01-00-412,JlvnmF8
小児,循環器疾患,動脈管開存,,TBL-01-00-413,JlvnmGE
小児,循環器疾患,Fallot四徴症,,TBL-01-00-414,JlvnmGM
小児,呼吸器疾患,クループ症候群,,TBL-01-00-415,JlvnmGQ
小児,呼吸器疾患,細気管支炎,●,TBL-01-00-416,JlvnmGY
小児,呼吸器疾患,気管支喘息（咳喘息を含む）,●,TBL-01-00-417,JlvnmGc
小児,消化器疾患,肥厚性幽門狭窄症,,TBL-01-00-418,JlvnmGk
小児,消化器疾患,鎖肛,,TBL-01-00-419,JlvnmGo
小児,消化器疾患,Hirschsprung病,,TBL-01-00-420,JlvnmGs
小児,消化器疾患,腸重積症,●,TBL-01-00-421,JlvnmGw
小児,消化器疾患,便秘症,,TBL-01-00-422,JlvnmG0
小児,消化器疾患,乳児下痢症,●,TBL-01-00-423,JlvnmG8
小児,消化器疾患,胆道閉鎖症,,TBL-01-00-424,JlvnmHE
小児,消化器疾患,鼠径ヘルニア,●,TBL-01-00-425,JlvnmHI
小児,腎・泌尿器疾患,溶血性尿毒症症候群<HUS>,,TBL-01-00-426,JlvnmHQ
小児,腎・泌尿器疾患,ネフローゼ症候群,●,TBL-01-00-427,JlvnmHU
小児,腎・泌尿器疾患,紫斑病性腎炎,,TBL-01-00-428,JlvnmHc
小児,腎・泌尿器疾患,先天性腎尿路奇形,,TBL-01-00-429,JlvnmHg
小児,腎・泌尿器疾患,膀胱尿管逆流,,TBL-01-00-430,JlvnmHo
小児,内分泌系・代謝疾患,成長ホルモン分泌不全型低身長,,TBL-01-00-431,JlvnmHw
小児,内分泌系・代謝疾患,先天性副腎皮質過形成,,TBL-01-00-432,JlvnmH0
小児,内分泌系・代謝疾患,アセトン血性嘔吐症,,TBL-01-00-433,JlvnmH8
小児,精神疾患・発達障害,自閉スペクトラム症<ASD>,,TBL-01-00-434,JlvnmIA
小児,精神疾患・発達障害,注意欠如・多動症<ADHD>,,TBL-01-00-435,JlvnmII
小児,精神疾患・発達障害,限局性学習症,,TBL-01-00-436,JlvnmIM
小児,精神疾患・発達障害,チック症,,TBL-01-00-437,JlvnmIQ
小児,心身医学的疾患,心身症,,TBL-01-00-438,JlvnmIU
小児,免疫・アレルギー,IgA血管炎,,TBL-01-00-439,JlvnmI4
小児,免疫・アレルギー,川崎病,,TBL-01-00-440,JlvnmJA
小児,染色体異常,Down症,,TBL-01-00-441,JlvnmJE
小児,新生児,新生児仮死,,TBL-01-00-442,JlvnmJM
小児,新生児,新生児呼吸窮迫症候群<IRDS>,,TBL-01-00-443,JlvnmJU
小児,新生児,新生児黄疸（高ビリルビン血症）,,TBL-01-00-444,JlvnmJY
小児,新生児,早産低出生体重児,,TBL-01-00-445,JlvnmJg
小児,新生児,胎便吸引症候群,,TBL-01-00-446,JlvnmJk
小児,新生児,新生児一過性多呼吸,,TBL-01-00-447,JlvnmJs
小児,救急・集中治療,乳幼児突然死症候群<SIDS>,,TBL-01-00-448,JlvnmJw
小児,救急・集中治療,被虐待児症候群,,TBL-01-00-449,JlvnmJ4
小児,救急・集中治療,小児急性呼吸窮迫症候群(PARDS),,TBL-01-00-450,
小児,救急・集中治療,敗血症,,TBL-01-00-451,
小児,救急・集中治療,消化管異物,,TBL-01-00-452,
小児,救急・集中治療,気道異物,,TBL-01-00-453,
乳房,なし,良性乳腺疾患（乳腺炎・乳腺症）,,TBL-01-00-454,JlvnmJ8
内分泌・栄養・代謝系,間脳・下垂体疾患,先端巨大症,,TBL-01-00-455,JlvnmKI
内分泌・栄養・代謝系,間脳・下垂体疾患,Cushing病,,TBL-01-00-456,JlvnmKQ
内分泌・栄養・代謝系,間脳・下垂体疾患,高プロラクチン血症,,TBL-01-00-457,JlvnmKY
内分泌・栄養・代謝系,間脳・下垂体疾患,視床下部下垂体炎,,TBL-01-00-458,JlvnmKk
内分泌・栄養・代謝系,間脳・下垂体疾患,中枢性尿崩症,,TBL-01-00-459,JlvnmKo
内分泌・栄養・代謝系,間脳・下垂体疾患,抗利尿ホルモン不適合分泌症候群（SIADH）,,TBL-01-00-460,JlvnmKw
内分泌・栄養・代謝系,間脳・下垂体疾患,下垂体腫瘍,,TBL-01-00-461,JlvnmK0
内分泌・栄養・代謝系,甲状腺疾患,甲状腺機能亢進症,●,TBL-01-00-462,JlvnmK8
内分泌・栄養・代謝系,甲状腺疾患,甲状腺機能低下症,●,TBL-01-00-463,JlvnmLA
内分泌・栄養・代謝系,甲状腺疾患,甲状腺炎（慢性・無痛性・亜急性）,,TBL-01-00-464,JlvnmLE
内分泌・栄養・代謝系,副甲状腺疾患,副甲状腺機能亢進症,,TBL-01-00-465,JlvnmLI
内分泌・栄養・代謝系,副甲状腺疾患,副甲状腺機能低下症,,TBL-01-00-466,JlvnmLQ
内分泌・栄養・代謝系,副甲状腺疾患,悪性腫瘍に伴う高カルリウム血症,,TBL-01-00-467,JlvnmLU
内分泌・栄養・代謝系,副腎皮質・髄質疾患,Cushing症候群,,TBL-01-00-468,JlvnmLc
内分泌・栄養・代謝系,副腎皮質・髄質疾患,アルドステロン過剰症,,TBL-01-00-469,JlvnmLg
内分泌・栄養・代謝系,副腎皮質・髄質疾患,原発性アルドステロン症,,TBL-01-00-470,JlvnmLo
内分泌・栄養・代謝系,副腎皮質・髄質疾患,副腎不全(急性・慢性（Addison病）),,TBL-01-00-471,JlvnmLs
内分泌・栄養・代謝系,糖代謝異常,1型糖尿病,●,TBL-01-00-472,JlvnmL0
内分泌・栄養・代謝系,糖代謝異常,2型糖尿病,●,TBL-01-00-473,JlvnmL8
内分泌・栄養・代謝系,糖代謝異常,低血糖症,,TBL-01-00-474,JlvnmMs
内分泌・栄養・代謝系,糖尿病の合併症,糖尿病ケトアシドーシス,●,TBL-01-00-475,JlvnmMA
内分泌・栄養・代謝系,糖尿病の合併症,高血糖高浸透圧症候群,●,TBL-01-00-476,JlvnmMI
内分泌・栄養・代謝系,糖尿病の合併症,乳酸アシドーシス,,TBL-01-00-477,JlvnmMM
内分泌・栄養・代謝系,糖尿病の合併症,糖尿病性網膜症,●,TBL-01-00-478,JlvnmMU
内分泌・栄養・代謝系,糖尿病の合併症,糖尿病性腎症,●,TBL-01-00-479,JlvnmMY
内分泌・栄養・代謝系,糖尿病の合併症,糖尿病性神経障害,●,TBL-01-00-480,JlvnmMg
内分泌・栄養・代謝系,糖尿病の合併症,足病変,●,TBL-01-00-481,JlvnmMk
内分泌・栄養・代謝系,脂質代謝異常,脂質異常症,●,TBL-01-00-482,JlvnmMw
内分泌・栄養・代謝系,脂質代謝異常,肥満症,,TBL-01-00-483,JlvnmM4
内分泌・栄養・代謝系,ビタミン・核酸・その他の代謝異常,ビタミン欠乏症,,TBL-01-00-484,JlvnmNA
内分泌・栄養・代謝系,ビタミン・核酸・その他の代謝異常,高尿酸血症・痛風,●,TBL-01-00-485,JlvnmNE
内分泌・栄養・代謝系,ビタミン・核酸・その他の代謝異常,全身性アミロイドーシス,,TBL-01-00-486,JlvnmNM
内分泌・栄養・代謝系,小児疾患,成長ホルモン分泌不全型低身長,,TBL-01-00-487,JlvnmNQ
内分泌・栄養・代謝系,小児疾患,先天性副腎皮質過形成,,TBL-01-00-488,JlvnmNY
眼・視覚系,視機能異常,屈折異常（近視・遠視・乱視）と調節障害,,TBL-01-00-489,JlvnmNk
眼・視覚系,眼表面の異常,結膜炎・角膜炎,●,TBL-01-00-490,JlvnmNs
眼・視覚系,眼表面の異常,化学損傷（アルカリ・酸）,,TBL-01-00-491,JlvnmOk
眼・視覚系,眼瞼の異常,麦粒腫・霰粒腫,,TBL-01-00-492,JlvnmNw
眼・視覚系,眼組織の異常,白内障,●,TBL-01-00-493,JlvnmN4
眼・視覚系,眼組織の異常,緑内障,●,TBL-01-00-494,JlvnmN8
眼・視覚系,視神経疾患,視神経炎（症）・うっ血乳頭,,TBL-01-00-495,JlvnmOc
眼・視覚系,ぶどう膜の異常,ぶどう膜炎,,TBL-01-00-496,JlvnmOY
眼・視覚系,網膜・硝子体の異常,糖尿病・高血圧による眼底変化（糖尿病網膜症など）,●,TBL-01-00-497,JlvnmOQ
眼・視覚系,網膜・硝子体の異常,裂孔原性網膜剥離,,TBL-01-00-498,JlvnmOE
眼・視覚系,網膜・硝子体の異常,加齢黄斑変性・網膜色素変性,,TBL-01-00-499,JlvnmOI
眼・視覚系,網膜・硝子体の異常,網膜静脈閉塞症と動脈閉塞症,,TBL-01-00-500,JlvnmOo
耳鼻・咽喉・口腔系,耳疾患,中耳炎（急性・慢性・滲出性・真珠腫性）,●,TBL-01-00-501,JlvnmO0
耳鼻・咽喉・口腔系,耳疾患,外耳炎,,TBL-01-00-502,JlvnmO8
耳鼻・咽喉・口腔系,耳疾患,難聴（騒音性・薬剤性・突発性・老人性）,,TBL-01-00-503,JlvnmPI
耳鼻・咽喉・口腔系,耳疾患,乳幼児の難聴,,TBL-01-00-504,JlvnmPM
耳鼻・咽喉・口腔系,耳疾患,動揺病,,TBL-01-00-505,JlvnmPc
耳鼻・咽喉・口腔系,耳疾患,良性発作性頭位めまい症,●,TBL-01-00-506,JlvnmPg
耳鼻・咽喉・口腔系,耳疾患,Ménière病,●,TBL-01-00-507,JlvnmPo
耳鼻・咽喉・口腔系,耳疾患,前庭神経炎,,TBL-01-00-508,JlvnmPs
耳鼻・咽喉・口腔系,鼻疾患,鼻出血,●,TBL-01-00-509,JlvnmP0
耳鼻・咽喉・口腔系,鼻疾患,副鼻腔炎（急性・慢性）,●,TBL-01-00-510,JlvnmP4
耳鼻・咽喉・口腔系,鼻疾患,アレルギー性鼻炎,●,TBL-01-00-511,JlvnmQA
耳鼻・咽喉・口腔系,鼻疾患,鼻炎,,TBL-01-00-512,JlvnmQI
耳鼻・咽喉・口腔系,咽喉頭疾患,咽頭炎,●,TBL-01-00-513,JlvnmQU
耳鼻・咽喉・口腔系,咽喉頭疾患,喉頭炎,,TBL-01-00-514,JlvnmQY
耳鼻・咽喉・口腔系,咽喉頭疾患,喉頭蓋炎（急性喉頭蓋炎を含む）,,TBL-01-00-515,JlvnmQg
耳鼻・咽喉・口腔系,咽喉頭疾患,声帯ポリープ,,TBL-01-00-516,JlvnmS0
耳鼻・咽喉・口腔系,咽喉頭疾患,扁桃炎,●,TBL-01-00-517,JlvnmQM
耳鼻・咽喉・口腔系,咽喉頭疾患,扁桃周囲炎,,TBL-01-00-518,JlvnmQk
耳鼻・咽喉・口腔系,咽喉頭疾患,扁桃周囲膿瘍,,TBL-01-00-519,JlvnmQs
耳鼻・咽喉・口腔系,咽喉頭疾患,口蓋扁桃肥大症,,TBL-01-00-520,JlvnmSo
耳鼻・咽喉・口腔系,口腔疾患,う蝕,,TBL-01-00-521,JlvnmQw
耳鼻・咽喉・口腔系,口腔疾患,歯周病等の歯科疾患（全身への影響や口腔機能管理を含めて）,,TBL-01-00-522,JlvnmQ4
耳鼻・咽喉・口腔系,口腔疾患,口角炎,,TBL-01-00-523,JlvnmQ8
耳鼻・咽喉・口腔系,口腔疾患,口内炎,,TBL-01-00-524,JlvnmRE
耳鼻・咽喉・口腔系,口腔疾患,舌炎,,TBL-01-00-525,JlvnmRM
耳鼻・咽喉・口腔系,口腔疾患,唾石症,,TBL-01-00-526,JlvnmRo
耳鼻・咽喉・口腔系,頭頸部疾患,頸部リンパ節転移等,●,TBL-01-00-527,JlvnmTI
耳鼻・咽喉・口腔系,頭頸部疾患,Sjögren症候群,,TBL-01-00-528,JlvnmRw
耳鼻・咽喉・口腔系,頭頸部疾患,顎関節症,,TBL-01-00-529,JlvnmR8
耳鼻・咽喉・口腔系,頭頸部疾患,頸部リンパ節炎,,TBL-01-00-530,JlvnmS4
耳鼻・咽喉・口腔系,頭頸部疾患,頸部膿瘍,,TBL-01-00-531,JlvnmTA
耳鼻・咽喉・口腔系,耳鼻・咽頭・口腔系の外傷・損傷,鼓膜損傷等,,TBL-01-00-532,JlvnmSU
耳鼻・咽喉・口腔系,耳鼻・咽頭・口腔系の外傷・損傷,鼻骨骨折,,TBL-01-00-533,JlvnmSA
耳鼻・咽喉・口腔系,耳鼻・咽頭・口腔系の外傷・損傷,吹き抜け骨折,,TBL-01-00-534,JlvnmSI
耳鼻・咽喉・口腔系,その他,外耳道・鼻腔・咽頭・喉頭・気管・食道の代表的な異物,,TBL-01-00-535,JlvnmRc
精神系,気分障害、統合失調症,うつ病,●,TBL-01-00-536,JlvnmT0
精神系,気分障害、統合失調症,双極性障害（躁うつ病）,●,TBL-01-00-537,JlvnmT4
精神系,気分障害、統合失調症,統合失調症,●,TBL-01-00-538,JlvnmUA
精神系,神経症、ストレス障害,過換気症候群,,TBL-01-00-539,JlvnmUw
精神系,神経症、ストレス障害,解離性障害,,TBL-01-00-540,JlvnmUQ
精神系,神経症、ストレス障害,急性ストレス障害,,TBL-01-00-541,JlvnmUk
精神系,神経症、ストレス障害,強迫性障害,,TBL-01-00-542,JlvnmUE
精神系,神経症、ストレス障害,心的外傷後ストレス障害,,TBL-01-00-543,JlvnmUo
精神系,神経症、ストレス障害,身体症状症（身体化障害・疼痛性障害・心気症）,●,TBL-01-00-544,JlvnmUY
精神系,神経症、ストレス障害,不安障害（パニック障害・社交不安障害）,,TBL-01-00-545,JlvnmUM
精神系,生理的・身体的要因関連障害,心身症,,TBL-01-00-546,JlvnmUc
精神系,生理的・身体的要因関連障害,摂食障害（神経性食思不振症（神経性やせ症）・神経性過食症）,,TBL-01-00-547,JlvnmU0
精神系,発達障害,パーソナリティ障害,,TBL-01-00-548,JlvnmU8
精神系,発達障害,自閉スペクトラム症（ASD）,,TBL-01-00-549,
精神系,発達障害,注意欠如・多動症（ADHD）,,TBL-01-00-550,
精神系,器質性精神障害ほか,認知症,●,TBL-01-00-551,JlvnmTU
精神系,器質性精神障害ほか,依存症（薬物使用、アルコール、ギャンブル）,,TBL-01-00-552,JlvnmTg
精神系,器質性精神障害ほか,症状性精神病,,TBL-01-00-553,JlvnmTY
免疫・アレルギー,アレルギー性疾患,アナフィラキシー,,TBL-01-00-554,Jo77KCc
免疫・アレルギー,アレルギー性疾患,食物アレルギー,,TBL-01-00-555,Jo77KCk
免疫・アレルギー,アレルギー性疾患,全身性アレルギー性疾患,,TBL-01-00-556,JmxLo08
免疫・アレルギー,全身性結合組織病,関節リウマチ,●,TBL-01-00-557,JmxLo0Y
免疫・アレルギー,全身性結合組織病,悪性関節リウマチ,,TBL-01-00-558,JlvnmW4
免疫・アレルギー,全身性結合組織病,成人Still病、若年性特発性関節炎（JIA）,,TBL-01-00-559,JmxLo0c
免疫・アレルギー,全身性結合組織病,全身性エリテマトーデス（SLE）及び合併症（中枢神経ループス、ループス腎炎、抗リン脂質抗体症候群）,●,TBL-01-00-560,JmxLo0g
免疫・アレルギー,全身性結合組織病,全身性強皮症,,TBL-01-00-561,JmxLo0k
免疫・アレルギー,全身性結合組織病,皮膚筋炎・多発性筋炎,,TBL-01-00-562,JmxLo0s
免疫・アレルギー,全身性結合組織病,混合性結合組織病,,TBL-01-00-563,JmxLo0w
免疫・アレルギー,全身性結合組織病,Sjögren症候群,,TBL-01-00-564,JmxLo00
免疫・アレルギー,全身性結合組織病,Behçet病,,TBL-01-00-565,JmxLo04
免疫・アレルギー,血管炎症候群,巨細胞性動脈炎,,TBL-01-00-566,JlvnmWI
免疫・アレルギー,血管炎症候群,高安動脈炎（大動脈炎症候群）,,TBL-01-00-567,JlvnmWM
免疫・アレルギー,血管炎症候群,結節性多発動脈炎,,TBL-01-00-568,JlvnmWU
免疫・アレルギー,血管炎症候群,顕微鏡的多発血管炎,,TBL-01-00-569,JlvnmWY
免疫・アレルギー,血管炎症候群,多発血管炎性肉芽腫症,,TBL-01-00-570,JlvnmWg
免疫・アレルギー,血管炎症候群,好酸球性多発血管炎性肉芽腫症,,TBL-01-00-571,JlvnmWk
免疫・アレルギー,血管炎症候群,IgA血管炎,●,TBL-01-00-572,JlvnmWs
免疫・アレルギー,血管炎症候群,川崎病,●,TBL-01-00-573,JlvnmW0
免疫・アレルギー,血管炎症候群,抗糸球体基底膜病<抗GBM病>,,TBL-01-00-574,JlvnmXA
免疫・アレルギー,脊椎関節炎および類縁疾患,強直性脊椎炎,,TBL-01-00-575,JlvnmVE
免疫・アレルギー,脊椎関節炎および類縁疾患,反応性関節炎,,TBL-01-00-576,JlvnmVI
免疫・アレルギー,脊椎関節炎および類縁疾患,乾癬性関節炎,,TBL-01-00-577,JlvnmVQ
免疫・アレルギー,脊椎関節炎および類縁疾患,掌蹠膿疱症性関節炎,,TBL-01-00-578,JlvnmVU
免疫・アレルギー,その他,変形性関節症,,TBL-01-00-579,JlvnmVg
免疫・アレルギー,その他,結晶誘発性関節炎,,TBL-01-00-580,JlvnmVc
免疫・アレルギー,その他,リウマチ性多発筋痛症,,TBL-01-00-581,JlvnmVo
免疫・アレルギー,その他,線維筋痛症,,TBL-01-00-582,JlvnmVs
免疫・アレルギー,その他,IgG4関連疾患,,TBL-01-00-583,JlvnmV0
免疫・アレルギー,その他,リウマチ熱,,TBL-01-00-584,JlvnmWA
免疫・アレルギー,その他,自己炎症性疾患,,TBL-01-00-585,JmxLo1M
免疫・アレルギー,その他,後天性免疫不全症（AIDS）,●,TBL-01-00-586,JmxLo1A
免疫・アレルギー,その他,原発性免疫不全症,,TBL-01-00-587,JmxLo1E
免疫・アレルギー,その他,二次性免疫不全症候群（悪性腫瘍・医原性・自己免疫疾患による）,,TBL-01-00-588,JmxLo1I
感染症,市中感染症,髄膜脳炎,●,TBL-01-00-589,JlvnmXE
感染症,市中感染症,咽頭炎,,TBL-01-00-590,JlvnmXM
感染症,市中感染症,血流感染・感染性心内膜炎,●,TBL-01-00-591,JlvnmXY
感染症,市中感染症,肺炎（定型・非定型）,●,TBL-01-00-592,JlvnmXc
感染症,市中感染症,腹腔内感染,,TBL-01-00-593,JlvnmXk
感染症,市中感染症,膀胱炎・腎盂腎炎,●,TBL-01-00-594,JlvnmXo
感染症,市中感染症,皮膚軟部組織感染,,TBL-01-00-595,JlvnmXw
感染症,市中感染症,関節炎,,TBL-01-00-596,JlvnmX0
感染症,医療関連感染,血管内留置カテーテル関連感染,●,TBL-01-00-597,JlvnmX4
感染症,医療関連感染,尿路カテーテル感染,●,TBL-01-00-598,JlvnmX8
感染症,医療関連感染,医療関連肺炎・人工呼吸器関連肺炎,,TBL-01-00-599,JlvnmYE
感染症,医療関連感染,手術部位感染,●,TBL-01-00-600,JlvnmYI
感染症,医療関連感染,クロストリディオイデス・ディフィシル感染,,TBL-01-00-601,JlvnmYQ
感染症,免疫不全,糖尿病,,TBL-01-00-602,JlvnmYU
感染症,免疫不全,腎臓病,,TBL-01-00-603,JlvnmYc
感染症,免疫不全,肝臓病,,TBL-01-00-604,JlvnmYg
感染症,免疫不全,がん・血液疾患,,TBL-01-00-605,JlvnmYo
感染症,免疫不全,好中球減少,,TBL-01-00-606,JlvnmYs
感染症,免疫不全,免疫抑制薬使用中,,TBL-01-00-607,JlvnmY0
感染症,免疫不全,HIV・AIDS,,TBL-01-00-608,JlvnmY8
感染症,免疫不全,臓器移植,,TBL-01-00-609,JlvnmZA
感染症,ワクチン予防可能な疾患,麻疹,,TBL-01-00-610,JlvnmZI
感染症,ワクチン予防可能な疾患,風疹,,TBL-01-00-611,JlvnmZM
感染症,ワクチン予防可能な疾患,ムンプス,,TBL-01-00-612,JlvnmZU
感染症,ワクチン予防可能な疾患,水痘,,TBL-01-00-613,JlvnmZY
感染症,ワクチン予防可能な疾患,B型肝炎,,TBL-01-00-614,JlvnmZg
感染症,ワクチン予防可能な疾患,インフルエンザ菌,,TBL-01-00-615,JlvnmZk
感染症,ワクチン予防可能な疾患,ヒトパピローマウイルス,,TBL-01-00-616,
感染症,ワクチン予防可能な疾患,肺炎球菌,,TBL-01-00-617,JlvnmZs
感染症,ワクチン予防可能な疾患,破傷風ジフテリア,,TBL-01-00-618,JlvnmZ0
感染症,ワクチン予防可能な疾患,インフルエンザ,,TBL-01-00-619,JlvnmZ4
感染症,ワクチン予防可能な疾患,新型コロナウイルス,,TBL-01-00-620,JlvnmaA
腫瘍,血液・造血器・リンパ系,急性白血病,●,TBL-01-00-621,JlvnmaE
腫瘍,血液・造血器・リンパ系,慢性骨髄性白血病,,TBL-01-00-622,JlvnmaM
腫瘍,血液・造血器・リンパ系,骨髄異形成症候群,,TBL-01-00-623,JlvnmaQ
腫瘍,血液・造血器・リンパ系,成人T細胞白血病,,TBL-01-00-624,JlvnmaY
腫瘍,血液・造血器・リンパ系,真性赤血球増加症,,TBL-01-00-625,Jlvnmac
腫瘍,血液・造血器・リンパ系,本態性血小板血症,,TBL-01-00-626,Jlvnmak
腫瘍,血液・造血器・リンパ系,骨髄線維症,,TBL-01-00-627,Jlvnmao
腫瘍,血液・造血器・リンパ系,悪性リンパ腫,,TBL-01-00-628,Jlvnmas
腫瘍,血液・造血器・リンパ系,多発性骨髄腫,,TBL-01-00-629,Jlvnmaw
腫瘍,神経系,膠芽腫,,TBL-01-00-630,Jlvnma4
腫瘍,神経系,髄膜腫,,TBL-01-00-631,Jlvnma8
腫瘍,神経系,神経鞘腫,,TBL-01-00-632,JlvnmbE
腫瘍,神経系,転移性脳腫瘍,,TBL-01-00-633,JlvnmbI
腫瘍,皮膚系,基底細胞癌,,TBL-01-00-634,JlvnmbQ
腫瘍,皮膚系,有棘細胞癌,,TBL-01-00-635,JlvnmbU
腫瘍,皮膚系,悪性黒色腫,,TBL-01-00-636,Jlvnmbc
腫瘍,皮膚系,悪性リンパ腫,,TBL-01-00-637,Jlvnmbg
腫瘍,運動器（筋骨格）系,骨肉腫,,TBL-01-00-638,Jlvnmbo
腫瘍,運動器（筋骨格）系,軟骨肉腫,,TBL-01-00-639,Jlvnmbs
腫瘍,運動器（筋骨格）系,Ewing肉腫,,TBL-01-00-640,Jlvnmb0
腫瘍,運動器（筋骨格）系,転移性脊椎腫瘍,,TBL-01-00-641,Jlvnmb8
腫瘍,循環器系,粘液腫,,TBL-01-00-642,JlvnmcA
腫瘍,呼吸器系,肺癌,●,TBL-01-00-643,JlvnmcI
腫瘍,呼吸器系,胸膜中皮腫,,TBL-01-00-644,JlvnmcM
腫瘍,呼吸器系,転移性肺腫瘍,,TBL-01-00-645,JlvnmcU
腫瘍,呼吸器系,縦隔腫瘍（胸腺腫を含む）,,TBL-01-00-646,JlvnmcY
腫瘍,消化器系,食道癌,●,TBL-01-00-647,Jlvnmcg
腫瘍,消化器系,胃癌,●,TBL-01-00-648,Jlvnmco
腫瘍,消化器系,大腸ポリープ,,TBL-01-00-649,Jlvnmcs
腫瘍,消化器系,大腸癌,●,TBL-01-00-650,Jlvnmc0
腫瘍,消化器系,胆嚢・胆管癌,,TBL-01-00-651,Jlvnmc4
腫瘍,消化器系,原発性肝癌,●,TBL-01-00-652,JlvnmdA
腫瘍,消化器系,膵神経内分泌腫瘍,,TBL-01-00-653,JlvnmdE
腫瘍,消化器系,嚢胞性膵腫瘍,,TBL-01-00-654,JlvnmdM
腫瘍,消化器系,膵癌,●,TBL-01-00-655,JlvnmdQ
腫瘍,腎・尿路系,腎癌,●,TBL-01-00-656,JlvnmdY
腫瘍,腎・尿路系,腎盂尿管癌・膀胱癌,●,TBL-01-00-657,Jlvnmdg
腫瘍,生殖器系,前立腺癌,●,TBL-01-00-658,Jlvnmdk
腫瘍,生殖器系,精巣腫瘍,,TBL-01-00-659,Jlvnmds
腫瘍,生殖器系,子宮頸癌,●,TBL-01-00-660,Jlvnmdw
腫瘍,生殖器系,子宮体癌（子宮内膜癌）,●,TBL-01-00-661,Jlvnmd4
腫瘍,生殖器系,卵巣腫瘍,●,TBL-01-00-662,JlvnmeA
腫瘍,生殖器系,絨毛癌,,TBL-01-00-663,JlvnmeM
腫瘍,生殖器系,胞状奇胎,,TBL-01-00-664,JlvnmeE
腫瘍,乳房,原発性乳癌,●,TBL-01-00-665,JlvnmeQ
腫瘍,乳房,線維腺腫,,TBL-01-00-666,JlvnmeY
腫瘍,乳房,乳腺症,,TBL-01-00-667,Jlvnmec
腫瘍,内分泌・栄養・代謝系,腺腫様甲状腺腫,,TBL-01-00-668,Jlvnmeo
腫瘍,内分泌・栄養・代謝系,下垂体腫瘍,,TBL-01-00-669,Jlvnmek
腫瘍,内分泌・栄養・代謝系,甲状腺癌,,TBL-01-00-670,Jlvnmew
腫瘍,内分泌・栄養・代謝系,褐色細胞腫,,TBL-01-00-671,Jlvnme0
腫瘍,内分泌・栄養・代謝系,多発性内分泌腫瘍症,,TBL-01-00-672,Jlvnme4
腫瘍,眼・視覚系,網膜芽細胞腫,,TBL-01-00-673,Jlvnme8
腫瘍,耳鼻・咽喉・口腔系（頭頸部）,舌癌,,TBL-01-00-674,JlvnmfE
腫瘍,耳鼻・咽喉・口腔系（頭頸部）,咽頭癌,,TBL-01-00-675,JlvnmfI
腫瘍,耳鼻・咽喉・口腔系（頭頸部）,喉頭癌,,TBL-01-00-676,JlvnmfQ
腫瘍,小児,脳腫瘍,,TBL-01-00-677,JlvnmfU
腫瘍,小児,血液腫瘍,,TBL-01-00-678,Jlvnmfc
腫瘍,小児,網膜芽細胞腫,,TBL-01-00-679,Jlvnmfg
腫瘍,小児,神経芽腫,,TBL-01-00-680,Jlvnmfo
腫瘍,小児,腎芽腫,,TBL-01-00-681,Jlvnmfs
腫瘍,小児,肝芽腫,,TBL-01-00-682,Jlvnmf0
腫瘍,小児,奇形腫を含む胚細胞腫瘍,,TBL-01-00-683,Jlvnmf4
腫瘍,遺伝性腫瘍,家族性大腸腺腫症,,TBL-01-00-684,Jlvnmf8
腫瘍,遺伝性腫瘍,遺伝性乳癌卵巣癌症候群,,TBL-01-00-685,JlvnmgA
腫瘍,遺伝性腫瘍,遺伝性非ポリポーシス性大腸癌<Lynch症候群>,,TBL-01-00-686,JlvnmgI
腫瘍,遺伝性腫瘍,Li-Fraumeni症候群,,TBL-01-00-687,JlvnmgM
腫瘍,オンコロジーエマージェンシー,腫瘍による脊髄圧迫,,TBL-01-00-688,JlvnmgU
腫瘍,オンコロジーエマージェンシー,腫瘍崩壊,,TBL-01-00-689,JlvnmgY
腫瘍,オンコロジーエマージェンシー,上大静脈症候群,,TBL-01-00-690,Jlvnmgg
腫瘍,オンコロジーエマージェンシー,腫瘍による代謝障害,,TBL-01-00-691,Jlvnmgk
腫瘍,オンコロジーエマージェンシー,治療の有害事象等,,TBL-01-00-692,Jlvnmgs
