"index","UID","l4","l3_index","l3_UID","H28ID"
"PR-01-01-01","JkxiJUs","患者や社会に対して誠実である行動とはどのようなものかを考え、そのように行動する (利益相反等)。","PR-01-01","JnIA6vg","A-01-03-na-01"
"PR-01-01-02","JkxiJUw","社会から信頼される専門職集団の一員であるためにはどのように行動すべきかを考え、行動する。","PR-01-01","JnIA6vg","A-01-03-na-01"
"PR-01-02-01","JkxiJU4","自分自身の限界を適切に認識し行動する。","PR-01-02","JnIA6vk","A-01-03-na-04,B-04-01-na-10"
"PR-01-02-02","JkxiJU8","他者からのフィードバックを適切に受け入れる。","PR-01-02","JnIA6vk",""
"PR-02-01-01","JkxiJVI","患者を含めた他者に思いやりをもって接する。","PR-02-01","JnIA6vs","A-01-02-na-01"
"PR-02-01-02","JkxiJVM","他者に思いやりをもって接することができない場合の原因・背景を考える。","PR-02-01","JnIA6vs",""
"PR-02-02-01","JkxiJVU","自身の想像力の限界を認識した上で、他者を理解することに努める。","PR-02-02","JnIA6vw","A-01-02-na-01,A-01-03-na-02"
"PR-02-02-02","JkxiJVY","他者を適切に理解するための妨げとなる自分や自集団の偏見とはどのようなものか考え、意識して行動する。","PR-02-02","JnIA6vw","A-01-03-na-02, A-01-02-na-01"
"PR-02-03-01","Jk3v49g","医師に求められる品格とはどのようなものかを考え、それを備えるように努める。","PR-02-03","JnIA6v4",""
"PR-02-03-02","JkxiJVc","礼儀正しく振る舞う。","PR-02-03","JnIA6v4",""
"PR-03-01-01","Jli6cfw","人の生命に深く関わる医師に相応しい教養を身につける。","PR-03-01","JnIA6wE",""
"PR-03-01-02","Jli6cf4","答えのない問いについて考え続ける。","PR-03-01","JnIA6wE",""
"PR-04-01-01","JnNYL4E","生と死に関わる倫理的問題の概要を理解している。","PR-04-01","JnIA6wI","A-01-01-na-01"
"PR-04-01-02","JnNYL4I","多様な価値観を理解して、多職種と連携し、自己決定権を含む患者の権利を尊重する。","PR-04-01","JnIA6wI","A-01-01-na-02"
"PR-04-01-03","JnNYL4M","診療現場における倫理的問題について、倫理学の考え方に依拠し、分析した上で、自身の考えを述べることができる。","PR-04-01","JnIA6wI","A-01-01-na-03"
"GE-01-01-01","JkxpsrE","臓器横断的に医学的課題を捉えることができる。","GE-01-01","JnICKV8","F-02-01-na-05, F-02-01-na-06, G-04-01-01-04"
"GE-01-01-02","JkxpsrI","適切な医療機関や診療科につなぐ重要性を理解している。","GE-01-01","JnICKV8","F-02-01-na-05, F-02-01-na-06"
"GE-01-01-03","JkxpsrM","基本的なフレームワーク（頻度・重症度・緊急度、解剖学的アプローチ、病態生理学的アプローチ、二重過程理論、事前確率等）を用いて臨床推論を行うことができる。","GE-01-01","JnICKV8","F-02-01-na-02,F-02-01-na-03,F-02-01-na-04, F-02-01-na-05"
"GE-01-01-04","JkxpsrQ","主訴に応じて、必要な医療面接・身体診察・検査を実施できる。","GE-01-01","JnICKV8","A-03-01-na-02,G-01-01-03-01,G-04-01-06-01,F-02-01-na-02, F-02-01-na-05, F-02-01-na-06"
"GE-01-01-05","JkxpsrU","診断がつかない健康問題やその介入方法の概要を理解している。","GE-01-01","JnICKV8","F-02-01-na-05, F-02-01-na-06"
"GE-01-01-06","JkxpsrY","多疾患が併存した状態及び複数臓器にまたがる疾患について、その介入方法の概要を理解している。","GE-01-01","JnICKV8","F-02-01-na-05, F-02-01-na-06"
"GE-01-01-07","Jkxpsrc","ポリファーマシーとその介入方法の概要を理解している。","GE-01-01","JnICKV8","E-08-01-na-09,F-02-08-na-14"
"GE-01-02-01","Jkxpsrg","身体・心理・社会の問題を統合したアプローチを理解している。","GE-01-02","JnICKWA","A-04-02-na-03,G-04-01-06-03"
"GE-01-02-02","Jkxpsrk","個人・家族の双方への影響を踏まえたアプローチを理解している。","GE-01-02","JnICKWA","G-04-01-06-03"
"GE-01-03-01","Jkxpsrw","個々の患者の医療への期待、解釈モデル、健康観を聞き出すことができる。","GE-01-03","JnICKWI","A-01-02-na-03"
"GE-01-03-02","Jkxpsr0","患者の社会的背景（経済的・制度的側面等）が病いに及ぼす影響を理解している。","GE-01-03","JnICKWI","A-01-03-na-02,A-04-02-na-03"
"GE-01-03-03","JkxpssA","医療の継続性（時間・情報・関係等）がもたらす影響の概要を理解している。","GE-01-03","JnICKWI",""
"GE-01-04-01","JkxpssE","根拠に基づいた医療（EBM）の5つのステップを列挙できる。","GE-01-04","JnICKWM","B-01-03-na-01,F-02-02-na-01"
"GE-01-04-02","JkxpssI","PICO（PECO）を用いた問題の定式化ができる。","GE-01-04","JnICKWM","B-01-03-na-02,F-02-02-na-02"
"GE-01-04-03","JkxpssM","データベースや二次文献からのエビデンス、診療ガイドラインを検索することができる。","GE-01-04","JnICKWM","B-01-03-na-04,F-02-02-na-04"
"GE-01-04-04","JkxpssQ","得られたエビデンスの批判的吟味ができる。","GE-01-04","JnICKWM","B-01-03-na-05,F-02-02-na-05,A-02-02-na-01"
"GE-01-04-05","JkxpssU","診療ガイドラインの種類、推奨の強さ、使用上の注意を理解している。","GE-01-04","JnICKWM","B-01-03-na-06,F-02-02-na-06,B-01-03-na-07,F-02-02-na-07, F-03-04-na-02"
"GE-01-04-06","Jkxpssc","患者の個別性や状況を考慮してエビデンスの適用について考えることができる。","GE-01-04","JnICKWM",""
"GE-01-05-01","Jkxpssg","行動科学に関する知識・理論・面接法を予防医療、診断、治療、ケアに適用できる。","GE-01-05","JnICKWU","B-04-01-na-01,C-05-01-na-01, C-05-01-na-02, C-05-02-na-01, C-05-02-na-02, C-05-02-na-03, C-05-03-na-01, C-05-03-na-02, C-05-03-na-03, C-05-03-na-04, C-05-04-na-01, C-05-06-na-01, C-05-06-na-02, C-05-08-na-01,C-05-08-na-02, C-05-08-na-03, C-05-08-na-05"
"GE-01-05-02","Jkxpssk","適切な環境調整や認知行動療法を提案できる。","GE-01-05","JnICKWU","C-05-04-na-01, C-05-04-na-02, C-05-04-na-03, C-05-04-na-04, C-05-08-na-03,C-05-08-na-04"
"GE-01-05-03","Jkxpsss","健康に関する行動経済学の知識を活用できる。","GE-01-05","JnICKWU",""
"GE-01-06-01","Jli5nRk","緩和ケアの概念を理解した上で、全人的苦痛（身体的苦痛、心理社会的苦痛、スピリチュアルペイン）を評価できる。","GE-01-06","JnICKWY","F-02-16-na-01, F-02-16-na-02, F-02-16-na-03, F-02-16-na-06"
"GE-01-06-02","Jli5nRs","がん・非がんの身体症状緩和の薬物療法や非薬物療法の概要を理解している。","GE-01-06","JnICKWY","F-02-16-na-04"
"GE-01-06-03","JmndeG4","救急・集中治療における治療・ケアに関して、人生の最終段階における医療（エンド・オブ・ライフ・ケア）を踏まえた患者・家族とのコミュニケーションの意義を理解し、頻度の高い苦痛とその対処法・ケアを計画できる。","GE-01-06","JnICKWY","E-09-01-na-07, F-02-16-na-06"
"GE-01-06-04","Jli5nRw","慢性疼痛の病態、経過、治療を理解した上で、その対処法・ケアを計画できる。","GE-01-06","JnICKWY","A-03-01-na-07, F-02-16-na-06"
"GE-01-06-05","Jli5nR4","患者の苦痛や不安感に配慮しながら、就学・就労、育児・介護等との両立支援を含め患者と家族に対して誠実で適切な支援を計画できる。","GE-01-06","JnICKWY","A-03-01-na-08, F-02-15-na-07, F-02-16-na-06"
"GE-02-01-01","Jkxpss0","地域の健康格差を理解し、医療へのアクセス障害等のヘルスケアシステム上の課題を適切に判断できる。","GE-02-01","JnICKWg","B-04-01-na-11"
"GE-02-01-02","Jkxpss4","患者の所属する地域や文化的な背景が健康に関連することを理解している。","GE-02-01","JnICKWg","B-04-01-na-11"
"GE-02-02-01","JkxpstA","地域（都会・郊外・へき地・離島を含む）の実情に応じた医療と医師の偏在（地域、診療科及び臨床・非臨床）の現状の概要を理解している。","GE-02-02","JnICKWk","B-01-07-na-01,A-07-01-na-01"
"GE-02-02-02","JkxpstE","地域の医療体制や診療機関の規模・役割に応じて、医療者として柔軟に対応できる。","GE-02-02","JnICKWk",""
"GE-02-02-03","JkxpstI","患者の居住する地域における各疾患の罹患率、有病率等の指標を用い、臨床推論で活用できる。","GE-02-02","JnICKWk",""
"GE-02-02-04","JkxpstM","地域の量的指標（人口構成等）や質的情報（地理的・歴史的・経済的・文化的背景）を収集し、地域の健康課題を説明できる。","GE-02-02","JnICKWk","B-04-01-na-11"
"GE-02-02-05","JkxpstQ","地域の住民や医療を提供する上で必要となる専門職と協働した地域の健康増進活動の意義の概要を理解している。","GE-02-02","JnICKWk","B-01-04-na-05, B-04-01-na-11"
"GE-02-03-01","Jkxpstg","地域の人的・物的資源に応じた医療・サービスを提案できる。","GE-02-03","JnICKWo","A-07-01-na-07"
"GE-02-03-02","Jkxpstk","離島・へき地や医師不足地域等の医療資源が限られた状況での医療提供体制及び介護・保健・福祉の体制の概要を理解している。","GE-02-03","JnICKWo","A-07-01-na-01,A-07-01-na-05,B-01-07-na-01,B-01-07-na-05, B-04-01-na-11, F-02-15-na-07"
"GE-02-04-01","Jli5nR8","在宅医療の現状と適応を踏まえて、その必要性や課題の概要を理解している。","GE-02-04","JnICKWs","B-04-01-na-12, F-02-15-na-01,F-02-15-na-02"
"GE-02-04-02","Jli5nSE","在宅における緩和ケアや人生の最終段階における医療、看取りの在り方と課題の概要を理解している。","GE-02-04","JnICKWs","B-04-01-na-12, F-02-15-na-04,F-02-15-na-02"
"GE-03-01-01","Jkxpstw","ライフサイクル（胎児期、新生児期、乳幼児期、学童期、思春期、青年期、成人期、壮年期、老年期、終末期）の視点で、患者の課題を検討できる。","GE-03-01","JnICKW0","C-05-05-na-01, C-05-05-na-02, C-05-05-na-03, C-05-06-na-03"
"GE-03-01-02","Jkxpst0","ライフステージやライフイベントの視点で、健康管理と環境・生活習慣改善を検討できる。","GE-03-01","JnICKW0","B-01-05-na-06,B-01-06-na-04"
"GE-03-01-03","Jkxpst4","家族ライフサイクル・家族成員間関係・家族システムの視点で、患者・家族間の問題（虐待・ネグレクト等）を指摘できる。","GE-03-01","JnICKW0","C-05-05-na-02,E-07-03-na-06"
"GE-03-02-01","Jkxpst8","小児期の身体の成長と生理機能の発達について理解している。","GE-03-02","JnICKW4","E-07-02-na-01"
"GE-03-02-02","JkxpsuA","小児期の正常な精神運動発達について理解している。","GE-03-02","JnICKW4","E-07-02-na-02,C-05-05-na-01,E-07-03-na-01,C-05-05-na-02,C-05-05-na-03,C-05-06-na-03"
"GE-03-02-03","JkxpsuE","小児期の愛着形成や保育法・栄養法について理解している。","GE-03-02","JnICKW4","E-07-02-na-03"
"GE-03-02-04","JkxpsuI","小児期の栄養面での特性や食育について理解している。","GE-03-02","JnICKW4","E-07-03-na-02"
"GE-03-02-05","JkxpsuM","小児期の免疫発達と感染症の関係について理解している。","GE-03-02","JnICKW4","E-07-03-na-03"
"GE-03-02-06","JkxpsuU","小児期から成人期への医療の移行について、現状と課題を理解している。","GE-03-02","JnICKW4","E-07-04-na-03"
"GE-03-03-01","JkxpsuY","胎児の循環・呼吸の生理的特徴と出生時の変化について理解している。","GE-03-03","JnICKXA","E-07-01-na-01"
"GE-03-03-02","Jkxpsuc","新生児・乳幼児の生理的特徴について理解している。","GE-03-03","JnICKXA","E-07-01-na-03,E-07-02-na-01"
"GE-03-04-01","Jkxpsuk","思春期発現の機序と性徴について理解している。","GE-03-04","JnICKXE","E-07-04-na-01"
"GE-03-04-02","Jkxpsuo","学童期、思春期と関連する課題(学業、友達等に関わる課題)について理解している。","GE-03-04","JnICKXE","E-07-04-na-02"
"GE-03-04-03","Jkxpsus","思春期、青年期と関連する課題（生殖、いのち等に関わる課題）について理解している。","GE-03-04","JnICKXE","E-07-04-na-02"
"GE-03-04-04","Jkxpsuw","成人期と関連する課題（メンタルヘルス、仕事、運動習慣、不妊等に関わる課題）について理解している。","GE-03-04","JnICKXE","E-07-04-na-02"
"GE-03-05-01","Jkxpsu0","老化に伴う臓器や身体機能の変化、それに伴う生理的変化、老化機構について理解している。","GE-03-05","JnICKXM","B-01-08-na-03, E-08-01-na-01, C-05-06-na-03"
"GE-03-05-02","Jkxpsu4","高齢者総合機能評価を実施できる。","GE-03-05","JnICKXM","B-01-08-na-03, E-08-01-na-02"
"GE-03-05-03","Jkxpsu8","老年症候群（歩行障害・転倒、認知機能障害、排泄障害、栄養障害、摂食嚥下障害等）について理解している。","GE-03-05","JnICKXM","B-01-08-na-03, E-08-01-na-03"
"GE-03-05-04","JkxpsvA","フレイル、サルコペニア、ロコモティブシンドロームの概念、その対処法、予防について理解している。","GE-03-05","JnICKXM","B-01-08-na-03, E-08-01-na-04"
"GE-03-05-05","JkxpsvE","国際生活機能分類について理解している。","GE-03-05","JnICKXM","B-01-08-na-03, E-08-01-na-06,E-08-01-na-07,E-08-01-na-10, F-02-14-na-04"
"GE-03-05-06","JkxpsvI","高齢者の栄養マネジメントについて理解している。","GE-03-05","JnICKXM","B-01-08-na-03,E-08-01-na-08"
"GE-03-05-07","JmiZ21Y","日常生活動作に応じた介護と環境整備について理解している。","GE-03-05","JnICKXM","B-01-08-na-03, E-08-01-na-11, F-02-15-na-05, F-02-15-na-06"
"GE-03-06-01","JkxpsvQ","死の概念と定義や生物学的な個体の死について理解している。","GE-03-06","JnICKXQ","E-09-01-na-01, E-09-01-na-02, E-09-01-na-03, E-09-01-na-04"
"GE-03-06-02","JkxpsvY","死に至る身体と心の過程の知識を活用して、患者や家族がもつ死生観を配慮できる。","GE-03-06","JnICKXQ","E-09-01-na-06"
"GE-03-06-03","Jkxpsvc","人生の最終段階における医療（エンド・オブ・ライフ・ケア）について理解している。","GE-03-06","JnICKXQ","E-09-01-na-07, E-08-01-na-12"
"GE-03-06-04","Jkxpsvg","小児の終末期の特殊性について理解している。","GE-03-06","JnICKXQ","E-09-01-na-04, E-09-01-na-08"
"GE-03-06-05","Jkxpsvk","ACP、事前指示書遵守、延命治療、蘇生不要指示、尊厳死と安楽死、治療の中止と差し控え等について理解している。","GE-03-06","JnICKXQ","E-09-01-na-09"
"GE-03-06-06","Jkxpsvo","悲嘆のケア（グリーフケア）について理解している。","GE-03-06","JnICKXQ","E-09-01-na-10"
"GE-04-01-01","Jkxpsvs","患者の健康観や病いに対する価値観を理解するうえで、健康に関わる知識（定義、健康寿命、健康生成論、ウェルビーイング、QOL、SDH、ICF、UHC等)を活用し、健康問題に対する包括的アプローチが実践できる。","GE-04-01","JnICKXY","B-04-01-na-02"
"GE-04-01-02","Jkxpsvw","患者が受療に至るまでにどのような過程があるかを生活者の視点から説明できる。","GE-04-01","JnICKXY",""
"GE-04-01-03","Jkxpsv0","栄養やエネルギー代謝に関する知識や統計情報をもとに個人の栄養状態を評価でき、本人や家族の生活や価値観も踏まえた上で食生活の支援を計画できる。","GE-04-01","JnICKXY","B-01-05-na-02"
"GE-04-01-04","Jkxpsv4","身体活動、スポーツ医・科学（競技スポーツ以外も含む）の知識や統計情報をもとに個人の生活活動を評価でき、本人や家族の生活や価値観も踏まえた上で活動や運動の支援を計画できる。","GE-04-01","JnICKXY","B-01-05-na-03,B-01-06-na-05"
"GE-04-01-05","Jkxpsv8","休養や心の健康について知識や統計情報をもとに評価し、本人や家族の生活や価値観も踏まえた上で支援を計画できる。","GE-04-01","JnICKXY","B-01-05-na-04"
"GE-04-01-06","JkxpswA","喫煙や飲酒に関して、喫煙や飲酒による健康影響の知識や統計情報をもとに、本人や家族の生活や価値観を踏まえた評価や支援を計画できる。","GE-04-01","JnICKXY","B-01-05-na-05"
"GE-04-01-07","JkxpswE","健康の社会的決定要因とアドボカシーの概要について理解している。","GE-04-01","JnICKXY","B-01-06-na-02, B-04-01-na-11"
"GE-04-02-01","JkxpswI","人の言動の意味をその人の人生史・生活史や社会関係の文脈の中において検討できる。","GE-04-02","JnICKXc","B-04-01-na-05, B-04-01-na-09, B-04-01-na-14"
"GE-04-02-02","JkxpswM","文化人類学・社会学(主に医療人類学・医療社会学)の視点で、患者やその家族と生活環境・地域社会・医療機関等との関係について説明できる。","GE-04-02","JnICKXc","B-04-01-na-01,B-04-01-na-02,B-04-01-na-03,B-04-01-na-04, B-04-01-na-09, B-04-01-na-11, B-04-01-na-14"
"GE-04-02-03","JkxpswQ","文化人類学・社会学(主に医療人類学・医療社会学)の理論や概念を用いて、患者の判断や行動に関わる諸事象を説明できる。","GE-04-02","JnICKXc","B-04-01-na-04, B-04-01-na-09, C-05-06-04, B-04-01-na-14, C-05-01-na-03, C-05-06-na-04, C-05-06-na-05"
"LL-01-01-01","JkxoFEQ","医学知識が常に変わりゆくことを認識し、現時点での最善の医学情報にアクセスできる。","LL-01-01","JnIBYXQ","A-09-01-na-01,A-09-01-na-02"
"LL-01-01-02","JkxoFEY","学修・経験したことを省察し、自己の課題を明確にできる。","LL-01-01","JnIBYXQ","A-09-01-na-05,A-02-01-na-01,A-02-01-na-02"
"LL-01-02-01","JkxoFEc","自身の職業観を涵養しながら、主体的にキャリアを構築していくことができる。","LL-01-02","JnIBYXY","A-09-01-na-03,A-09-01-na-04"
"LL-01-02-02","JtPG4ws","自らの心身を大切にできる。","LL-01-02","JnIBYXY",""
"LL-02-01-01","JkxoFEk","後輩や同僚等と協働して学修できる。","LL-02-01","JnIBYXM",""
"LL-02-01-02","JkxoFEs","後輩や同僚等に対して、適切にフィードバックできる。","LL-02-01","JnIBYXM",""
"LL-02-01-03","JkxoFEw","成人学習理論を活用し、後輩や同僚等に対して教育を実践できる。","LL-02-01","JnIBYXM","A-02-02-na-04"
"RE-01-01-01","JkxpmiQ","常識を疑う。","RE-01-01","JnIAX18",""
"RE-01-01-02","JkxpmiU","何事にも知的好奇心を持って取り組むことができる。","RE-01-01","JnIAX18",""
"RE-01-02-01","JkxpmiY","最先端の研究に刺激を受ける。","RE-01-02","JnIAX2I",""
"RE-01-02-02","Jkxpmic","ロールモデルとしての研究者の生き方に触れる。","RE-01-02","JnIAX2I","A-08-01-na-01"
"RE-02-01-01","Jkxpmig","医療の実践が基礎医学・臨床医学・社会医学の研究に基づいていることを理解する。","RE-02-01","JnIAX2M","新規A-08-01-na-03"
"RE-02-02-01","Jkxpmio","医学論文（英語）を読んで概要を理解する。","RE-02-02","JnIAX2U",""
"RE-03-01-01","Jkxpmi8","自身の関心を問いにすることができる。","RE-03-01","JnIAX2Y","A-08-01-na-04"
"RE-03-02-01","JkxpmjA","研究計画の素案を作ることができる。","RE-03-02","JnIAX2g","B-01-03-na-03"
"RE-03-03-01","JkxpmjE","基礎医学の実習から基本的な実験手技を体得する。","RE-03-03","JnIAX2o","A-08-01-na-02"
"RE-03-03-02","Jk2L__4","社会医学（行動科学を含む）の実習から基本的な研究方法論を体得する。","RE-03-03","JnIAX2o","A-08-01-na-02"
"RE-03-03-03","JkxpmjI","研究室配属等で医学研究の基本的な研究手法を修得する。","RE-03-03","JnIAX2o","A-08-01-na-02"
"RE-03-04-01","JkxpmjM","研究データを適切に記録、管理できる。","RE-03-04","JnIAX2s",""
"RE-04-01-01","JkxpmjQ","自身の行った研究内容を論文や報告書・学会発表等の形にまとめることができる。","RE-04-01","JnIAX20","A-02-02-na-03"
"RE-04-01-02","JkxpmjU","発表の場に応じて読者・聴衆にわかりやすく研究内容をプレゼンテーションできる。","RE-04-01","JnIAX20",""
"RE-04-01-03","JkxpmjY","他の研究者の発表に対して質問や意見を述べることができる。","RE-04-01","JnIAX20","B-01-03-na-05"
"RE-05-01-01","Jkxpmjc","捏造、改ざん、盗用等を含め研究不正の類型を説明することができ、研究不正を行わない。","RE-05-01","JnIAX24","B-03-01-na-01"
"RE-05-02-01","Jkxpmjg","人を対象とした研究（治験、特定臨床研究を含む）に関するルールの概要を理解し、遵守する。","RE-05-02","JnIAX3A","A-08-01-na-01, B-03-01-na-01,B-03-01-na-02,B-03-01-na-03"
"RE-05-02-02","Jkxpmjk","利益相反や動物・遺伝子組み換え実験に関するルールの概要を理解し、遵守する。","RE-05-02","JnIAX3A","B-03-01-na-01"
"PS-01-01-01","JkxnuHs","細胞の観察法について概要を理解している。","PS-01-01","JnIAssw","C-01-01-01-01"
"PS-01-01-02","JkxnuHw","細胞の全体像を図示できる。","PS-01-01","JnIAssw","C-01-01-01-02"
"PS-01-01-03","JkxnuH0","核とリボソーム、小胞体、ゴルジ体、リソソーム等の細胞内膜系、ミトコンドリア、葉緑体、細胞骨格の種類とその構造と機能について概要を理解している。","PS-01-01","JnIAssw","C-01-01-01-03,C-01-01-01-04,C-01-01-01-05,C-01-01-01-06"
"PS-01-01-04","JkxnuH4","細胞膜の構造と機能、細胞同士の接着と結合様式について概要を理解している。","PS-01-01","JnIAssw","C-01-01-01-07"
"PS-01-01-05","JkxnuH8","原核細胞と真核細胞の特徴について理解している。","PS-01-01","JnIAssw","C-01-01-01-08"
"PS-01-01-06","JkxnuIA","メンデルの法則、ミトコンドリア遺伝、エピゲノム修飾(インプリンティングを含む)及び多因子遺伝について理解している。","PS-01-01","JnIAssw","C-01-01-02-01"
"PS-01-01-07","JkxnuIE","遺伝型と表現型の関係について理解している。","PS-01-01","JnIAssw","C-01-01-02-02"
"PS-01-01-08","JkxnuII","染色体の構造を理解し、ゲノムと染色体及び遺伝子の構造と関係性、体細胞分裂及び減数分裂における染色体の挙動について理解している。","PS-01-01","JnIAssw","C-01-01-02-03"
"PS-01-01-09","JkxnuIM","DNAの複製と修復、DNAからRNAへの転写、タンパク質合成に至る翻訳を含む遺伝情報の発現及び調節（セントラルドグマ）について理解している。","PS-01-01","JnIAssw","C-01-01-02-04,C-01-01-02-05,C-03-01-01-03"
"PS-01-01-10","JkxnuIQ","染色体分析・DNA配列決定を含むゲノム解析技術について概要を理解している。","PS-01-01","JnIAssw","C-01-01-02-06"
"PS-01-01-11","JkxnuIU","ゲノム編集技術とその応用について概要を理解している。","PS-01-01","JnIAssw",""
"PS-01-01-12","JkxnuIY","進化の基本的な考え方について理解している。","PS-01-01","JnIAssw","C-01-02-01-01"
"PS-01-01-13","JkxnuIc","生物種とその系統関係について理解している。","PS-01-01","JnIAssw","C-01-02-01-02"
"PS-01-01-14","JkxnuIg","アミノ酸配列や塩基配列の比較による分子系統樹について概要を理解している。","PS-01-01","JnIAssw","C-01-02-01-03"
"PS-01-02-01","JkxnuIk","細胞内液・外液のイオン組成、及び浸透圧と（静止）膜電位の形成機構について理解している。","PS-01-02","JnIAss4","C-02-01-01-01"
"PS-01-02-02","JkxnuIo","細胞膜のイオンチャネル、ポンプ及び膜を介する物質の能動・受動輸送過程について理解している。","PS-01-02","JnIAss4","C-02-01-01-02,C-02-01-01-03,C-02-01-01-04"
"PS-01-02-03","JkxnuIs","活動電位の発生機構と伝導、シナプス（神経筋接合部を含む）の形態とシナプス伝達の機能（興奮性、抑制性）と可塑性について理解している。","PS-01-02","JnIAss4","C-02-03-02-01,C-02-03-02-02"
"PS-01-02-04","JkxnuIw","情報伝達の種類と機能について理解している。","PS-01-02","JnIAss4","C-02-03-01-01"
"PS-01-02-05","JkxnuI0","受容体の種類・細胞内局在・機能、受容体による細胞内シグナル伝達過程について理解している。","PS-01-02","JnIAss4","C-02-03-01-02,C-02-03-01-03"
"PS-01-02-06","JkxnuI4","液性因子による細胞間情報伝達（自己分泌、傍分泌、内分泌）について理解している。","PS-01-02","JnIAss4",""
"PS-01-02-07","JkxnuI8","細胞骨格を構成するタンパク質とその機能、アクチンフィラメント系による細胞運動について概要を理解している。","PS-01-02","JnIAss4","C-02-01-02-01,C-02-01-02-02"
"PS-01-02-08","JkxnuJA","細胞膜を介する分泌と吸収の過程と細胞内輸送システム、微小管の役割や機能について理解している。","PS-01-02","JnIAss4","C-02-01-02-03, C-02-01-02-04, C-02-01-02-05,C-02-01-02-04"
"PS-01-02-09","JkxnuJE","軸索輸送、軸索の変性と再生について理解している。","PS-01-02","JnIAss4","C-02-03-02-03"
"PS-01-02-10","JkxnuJI","上皮組織と腺の構造と機能について理解している。","PS-01-02","JnIAss4","C-02-02-01-01"
"PS-01-02-11","JkxnuJM","支持組織を構成する細胞と細胞間質（線維成分と基質）について理解している。","PS-01-02","JnIAss4","C-02-02-01-02"
"PS-01-02-12","JkxnuJQ","血管とリンパ管の微細構造と機能について理解している。","PS-01-02","JnIAss4","C-02-02-01-03"
"PS-01-02-13","JkxnuJU","神経組織の微細構造について理解している。","PS-01-02","JnIAss4","C-02-02-01-04"
"PS-01-02-14","JkxnuJY","筋組織について、骨格筋、心筋、平滑筋の構造と機能を対比して理解している。","PS-01-02","JnIAss4","C-02-02-01-05"
"PS-01-02-15","JkxnuJc","組織の再生の機序について理解している。","PS-01-02","JnIAss4","C-02-02-01-06"
"PS-01-02-16","JkxnuJg","位置関係を方向用語（上・下、前・後、内側・外側、浅・深、頭側・尾側、背側・腹側、近位・遠位、内転・外転）で理解している。","PS-01-02","JnIAss4","C-02-02-02-01"
"PS-01-02-17","JkxnuJk","刺激に対する感覚受容の種類と機序について理解している。","PS-01-02","JnIAss4","C-02-03-02-04"
"PS-01-02-18","JkxnuJo","反射について理解している。","PS-01-02","JnIAss4","C-02-03-02-05"
"PS-01-02-19","JkxnuJs","生体の恒常性維持と適応、恒常性維持のための調節機構（フィードバック調節）について理解している。","PS-01-02","JnIAss4","C-02-03-04-01,C-02-03-04-02"
"PS-01-02-20","JkxnuJw","生体機能や体内環境のリズム性変化について理解している。","PS-01-02","JnIAss4","C-02-03-04-03"
"PS-01-02-21","JkxnuJ0","生体の恒常性維持における常在菌・腸内細菌と宿主との相互作用の重要性について理解している。","PS-01-02","JnIAss4","C-02-03-04-04"
"PS-01-02-22","JkxnuJ8","配偶子の形成から出生に至る一連の経過と胚形成の全体像、胚内体腔の形成過程について概要を理解している。","PS-01-02","JnIAss4","C-02-04-na-01,C-02-04-na-07"
"PS-01-02-23","JkxnuKA","体節の形成と分化、咽頭弓・咽頭嚢(鰓弓・鰓嚢)の分化、頭・頸部と顔面・口腔の形成過程について理解している。","PS-01-02","JnIAss4","C-02-04-na-02,C-02-04-na-08"
"PS-01-02-24","JkxnuKE","体幹と四肢の骨格と筋、心血管系、泌尿生殖器系各器官の形成過程について理解している。","PS-01-02","JnIAss4","C-02-04-na-03,C-02-04-na-05,C-02-04-na-06"
"PS-01-02-25","JkxnuKI","消化・呼吸器系各器官の形成過程について理解している。","PS-01-02","JnIAss4","C-02-04-na-04"
"PS-01-02-26","JkxnuKM","神経管の分化と脳、脊髄、視覚器、平衡聴覚器と自律神経系、皮膚の形成過程について理解している。","PS-01-02","JnIAss4","C-02-04-na-09"
"PS-01-02-27","JkxnuKQ","酵素の機能と調節について理解している。","PS-01-02","JnIAss4",""
"PS-01-02-28","JkxnuKU","糖質の構造、代謝と調節（解糖、クエン酸回路、電子伝達系と酸化的リン酸化、グリコーゲン代謝、糖新生、五炭糖リン酸回路）、生理的意義について理解している。","PS-01-02","JnIAss4","C-02-05-na-01,C-02-05-na-02,C-02-05-na-03,C-02-05-na-04,C-02-05-na-05,C-02-05-na-06,C-02-05-na-07"
"PS-01-02-29","JkxnuKY","タンパク質の構造、代謝と調節、生理的意義、主要なアミノ酸の代謝、尿素回路を理解している。","PS-01-02","JnIAss4","C-02-05-na-10,C-02-05-na-11"
"PS-01-02-30","JkxnuKc","脂質の構造、代謝と調節、生理的意義、脂質の輸送（リポタンパク質）を理解している。","PS-01-02","JnIAss4","C-02-05-na-08,C-02-05-na-09"
"PS-01-02-31","JkxnuKg","ヘム・ポルフィリンの代謝について概要を理解している。","PS-01-02","JnIAss4","C-02-05-na-12"
"PS-01-02-32","JkxnuKk","ヌクレオチドの合成・異化・再利用経路について理解している。","PS-01-02","JnIAss4","C-02-05-na-13"
"PS-01-02-33","JkxnuKo","酸化ストレス（フリーラジカル、活性酸素）について概要を理解している。","PS-01-02","JnIAss4","C-02-05-na-14"
"PS-01-02-34","JkxnuKs","ビタミン、微量元素の種類と作用について理解している。","PS-01-02","JnIAss4","C-02-05-na-15"
"PS-01-02-35","JkxnuKw","栄養素の相互変換とエネルギー代謝（エネルギーの定義、食品中のエネルギー値、エネルギー消費量、推定エネルギー必要量）について理解している。","PS-01-02","JnIAss4","C-02-05-na-16"
"PS-01-02-36","JkxnuK0","空腹時、飢餓時、食後、過食時と運動時における代謝について理解している。","PS-01-02","JnIAss4",""
"PS-01-02-37","JkxnuK4","複合糖質、複合脂質について概要を理解している。","PS-01-02","JnIAss4",""
"PS-01-03-01","JkxnuK8","原核生物としての細菌の構造と機能の違いについて真核生物と比較して理解している。","PS-01-03","JnIAss8",""
"PS-01-03-02","JkxnuLA","細菌の感染経路を分類し、細菌が疾病を引き起こす機序について理解している。","PS-01-03","JnIAss8","C-03-01-04-02,C-03-01-04-03"
"PS-01-03-03","JkxnuLE","細菌の産生するタンパク質性毒素、非タンパク質性毒素の作用機序について理解している。","PS-01-03","JnIAss8",""
"PS-01-03-04","JkxnuLI","主なグラム陽性球菌、グラム陽性桿菌、グラム陰性球菌、グラム陰性桿菌の細菌学的特徴、リスク因子、感染経路と病態を説明し、それが引き起こす疾患を列挙できる。","PS-01-03","JnIAss8","C-03-01-04-04,C-03-01-04-06"
"PS-01-03-05","JkxnuLM","抗酸菌の細菌学的特徴、リスク因子、感染経路と病態を説明し、それが引き起こす疾患を列挙できる。","PS-01-03","JnIAss8","C-03-01-04-09"
"PS-01-03-06","JkxnuLQ","らせん状細菌、マイコプラズマ、リケッチア、クラミジアの微生物学的特徴とそれが引き起こす疾患を列挙できる。","PS-01-03","JnIAss8","C-03-01-04-11,E-02-04-02-09,E-02-04-02-10,E-02-04-02-12"
"PS-01-03-07","JkxnuLU","生体各部の細菌叢（マイクロバイオーム）の構成菌、細菌叢の機能について概要を理解している。","PS-01-03","JnIAss8",""
"PS-01-03-08","JkxnuLY","ウイルス粒子の構造と性状によりウイルスを分類できる。","PS-01-03","JnIAss8","C-03-01-01-02"
"PS-01-03-09","JkxnuLc","ウイルス感染の種特異性、組織特異性と吸着、侵入、複製、成熟と放出の各過程、ウイルス感染細胞に起こる変化について理解している。","PS-01-03","JnIAss8","C-03-01-01-04,C-03-01-01-05,C-03-01-01-06,C-03-01-01-07"
"PS-01-03-10","JkxnuLg","主なDNAウイルスの特徴、リスク因子、感染経路と病態を説明し、これらのウイルスが引き起こす疾患名を列挙できる。","PS-01-03","JnIAss8","C-03-01-03-01"
"PS-01-03-11","JkxnuLo","主なRNAウイルスの特徴、リスク因子、感染経路と病態を説明し、これらのウイルスが引き起こす疾患名を列挙できる。","PS-01-03","JnIAss8","C-03-01-03-03,C-03-01-03-02"
"PS-01-03-12","JkxnuLs","真菌（接合菌、子嚢菌、担子菌、不完全菌）の微生物学的特徴、リスク因子、感染経路と病態を説明し、それが引き起こす疾患を列挙できる。","PS-01-03","JnIAss8","C-03-01-04-10,E-02-04-03-01"
"PS-01-03-13","JkxnuLw","寄生虫の分類、形態学的特徴、生活史、リスク因子、感染経路と病態、感染疫学的意義、寄生虫感染宿主の生体防御の特徴について理解している。","PS-01-03","JnIAss8","C-03-01-05-01,C-03-01-05-02,C-03-01-05-03,C-03-01-05-04,C-03-01-05-05"
"PS-01-03-14","JkxnuL0","微生物の特性に応じた治療薬の作用機序について概要を理解している。","PS-01-03","JnIAss8",""
"PS-01-03-15","JkxnuL4","微生物感染症に対するワクチンの原理、種類とそれに対する問題点について理解している。","PS-01-03","JnIAss8","C-03-01-02-02,C-03-01-02-03"
"PS-01-03-16","JkxnuL8","人獣共通感染症の原因となる微生物について、その生活史、リスク因子、感染経路と病態、感染疫学的意義について理解している。","PS-01-03","JnIAss8",""
"PS-01-03-17","JkxnuMA","媒介性感染症の原因となる微生物について、その生活史、リスク因子、感染経路と病態、感染疫学的意義を理解している。","PS-01-03","JnIAss8",""
"PS-01-03-18","JkxnuMI","免疫反応に関わる組織と細胞について理解している。","PS-01-03","JnIAss8","C-03-02-01-02,C-03-01-02-01"
"PS-01-03-19","JkxnuMQ","補体及び自然免疫細胞が病原体により活性化し、炎症を引き起こす仕組みについて理解している。","PS-01-03","JnIAss8","C-02-03-03-01,C-02-03-03-02,C-03-02-01-04"
"PS-01-03-20","JkxnuMU","主要組織適合遺伝子複合体クラスIとクラスIIの基本構造と機能、抗原提示によるT細胞活性化の仕組みについて理解している。","PS-01-03","JnIAss8","C-03-02-02-01"
"PS-01-03-21","JkxnuMY","免疫グロブリンとT細胞抗原レセプターの構造と反応様式、免疫グロブリンとT細胞抗原レセプター遺伝子の構造と遺伝子再構成に基づき、多様性獲得の機構について理解している。","PS-01-03","JnIAss8","C-03-02-02-02,C-03-02-02-03,C-02-03-03-01,C-02-03-03-02,C-03-02-01-04"
"PS-01-03-22","JkxnuMc","ヘルパーT細胞（Th1 cell、Th2 cell、Th17 cell）、細胞傷害性T細胞、制御性T細胞それぞれが担当する生体防御反応について理解している。","PS-01-03","JnIAss8","C-03-02-03-03,C-02-03-03-01,C-02-03-03-02,C-03-02-01-04"
"PS-01-03-23","JkxnuMg","B細胞の活性化による抗体産生の機構及び抗体の役割を理解している。","PS-01-03","JnIAss8","C-02-03-03-01,C-02-03-03-02,C-03-02-01-04"
"PS-01-03-24","JkxnuMk","自然免疫系を構成する主な細胞とそれらの活性化機構（TLR等）を理解している。","PS-01-03","JnIAss8","C-02-03-03-01,C-02-03-03-02,C-03-02-01-04"
"PS-01-03-25","JkxnuMo","抗原提示細胞の種類と役割、抗原提示機構について理解している。","PS-01-03","JnIAss8","C-02-03-03-01,C-02-03-03-02,C-03-02-01-04"
"PS-01-03-26","JkxnuMs","ウイルス、細菌、真菌と寄生虫に対する免疫応答の特徴の概要について理解している。","PS-01-03","JnIAss8","C-03-02-04-01"
"PS-01-03-27","JkxnuMw","原発性免疫不全症候群と後天性免疫不全症候群の概要について理解している。","PS-01-03","JnIAss8","C-03-02-04-02"
"PS-01-03-28","JkxnuM0","免疫寛容の維持機構とその破綻による自己免疫疾患の発症について理解している。","PS-01-03","JnIAss8","C-03-02-04-03,C-03-02-02-04,C-03-02-01-01,C-03-02-01-03"
"PS-01-03-29","JkxnuM4","アレルギー発症の機序について理解している。","PS-01-03","JnIAss8","C-03-02-04-04"
"PS-01-03-30","JkxnuM8","がん免疫に関わる細胞性機序について理解している。","PS-01-03","JnIAss8","C-03-02-04-05"
"PS-01-03-31","JkxnuNA","生体（あるいは生体群）の薬物・毒物反応性について、用量反応曲線を理解している。","PS-01-03","JnIAss8","C-03-03-01-03,C-03-03-02-01"
"PS-01-03-32","JkxnuNE","薬物の受容体結合・薬理作用の関連性及び作動薬・拮抗薬について理解している。","PS-01-03","JnIAss8","C-03-03-01-02,C-03-03-02-01"
"PS-01-03-33","JkxnuNM","薬物の有害作用、薬物間相互作用について概要を理解している。","PS-01-03","JnIAss8","F-02-08-na-08,C-03-03-02-01"
"PS-01-04-01","JkxnuNY","ゲノムの多様性に基づく個体の多様性について理解している。","PS-01-04","JnIAstE","C-04-01-na-01"
"PS-01-04-02","JkxnuNc","単一遺伝子疾患、染色体異常による疾患、ミトコンドリア遺伝子の変異による疾患を挙げ、遺伝様式を含め理解している。","PS-01-04","JnIAstE","C-04-01-na-02,C-04-01-na-03,C-04-01-na-04"
"PS-01-04-03","JkxnuNg","多因子疾患における遺伝要因と環境要因の関係について理解している。","PS-01-04","JnIAstE","C-04-01-na-05,C-04-01-na-06"
"PS-01-04-04","JkxnuNk","薬剤の有効性や安全性とゲノムの多様性との関係について概要を理解している。","PS-01-04","JnIAstE","C-04-01-na-07"
"PS-01-04-05","JkxnuNo","ネクローシスとアポトーシスの違いを含め、細胞傷害・変性と細胞死の多様性、病因と意義について理解している。","PS-01-04","JnIAstE","C-04-02-na-01,C-04-02-na-03"
"PS-01-04-06","JkxnuNs","細胞傷害・変性と細胞死の細胞と組織の形態的変化の特徴について理解している。","PS-01-04","JnIAstE","C-04-02-na-02"
"PS-01-04-07","JkxnuNw","糖代謝異常の病態について理解している。","PS-01-04","JnIAstE","C-04-03-na-01"
"PS-01-04-08","JkxnuN0","タンパク質・アミノ酸代謝異常の病態について理解している。","PS-01-04","JnIAstE","C-04-03-na-02"
"PS-01-04-09","JkxnuN4","脂質代謝異常の病態について理解している。","PS-01-04","JnIAstE","C-04-03-na-03"
"PS-01-04-10","JkxnuN8","核酸・ヌクレオチド代謝異常の病態について理解している。","PS-01-04","JnIAstE","C-04-03-na-04"
"PS-01-04-11","JkxnuOA","ビタミン、微量元素の代謝異常の病態について理解している。","PS-01-04","JnIAstE","C-04-03-na-05"
"PS-01-04-12","JkxnuOE","メタボリックシンドロームの病態について概要を理解している。","PS-01-04","JnIAstE","C-04-03-na-06"
"PS-01-04-13","JkxnuOI","血行障害（阻血、低酸素血、充血、うっ血、出血）の違いとそれぞれの病因と病態、梗塞（血栓、塞栓）の種類と病態について理解している。","PS-01-04","JnIAstE","C-04-04-na-01,C-04-04-na-02"
"PS-01-04-14","JkxnuOQ","血圧異常（高血圧、低血圧）について理解している。","PS-01-04","JnIAstE","C-04-04-na-04,D-05-04-10-01"
"PS-01-04-15","JkxnuOY","炎症の定義について理解している。","PS-01-04","JnIAstE","C-04-05-na-01"
"PS-01-04-16","JkxnuOc","炎症の分類、組織形態学的変化と経時的変化（局所的変化と全身的変化）について理解している。","PS-01-04","JnIAstE","C-04-05-na-02,C-04-05-na-03"
"PS-01-04-17","JkxnuOg","炎症組織の治癒過程について理解している。","PS-01-04","JnIAstE","C-04-05-na-04"
"PS-01-04-18","JkxnuOk","炎症とメタボリックシンドローム、動脈硬化、腫瘍、老化への関わりについて理解している。","PS-01-04","JnIAstE",""
"PS-01-04-19","JkxnuOs","自律性の増殖、良性腫瘍と悪性腫瘍の違いについて理解している。","PS-01-04","JnIAstE","C-04-06-na-01"
"PS-01-04-20","JkxnuOw","がんの原因や遺伝子変化について概要を理解している。","PS-01-04","JnIAstE","C-04-06-na-02"
"PS-01-04-21","JkxnuO4","用語（異形成、上皮内癌、進行癌、早期癌、異型性、多形性等）について理解している。","PS-01-04","JnIAstE","C-04-06-na-04"
"PS-01-04-22","JkxnuO8","がんの病理診断と治療の関わりについて概要を理解している。","PS-01-04","JnIAstE","C-04-06-na-05"
"PS-01-04-23","JkxnuPA","がんの転移について概要を理解している。","PS-01-04","JnIAstE","C-04-06-na-06"
"PS-01-04-24","JkxnuPE","がんの免疫系による排除機構について概要を理解している。","PS-01-04","JnIAstE",""
"PS-02-01-01","JmpZNJo","臓器毎及び全身におよぶ疾患について理解している([@tbl:diseases])。","PS-02-01","JnIAstI",""
"PS-02-02-01","JkxnuPM","血液・造血器・リンパ系の構造と機能について基本的事項を理解している。","PS-02-02","JnIAstQ","D-01-01-na-01,D-01-01-na-02,D-01-01-na-03,D-01-01-na-04,D-01-01-na-05,D-01-01-na-06,D-01-01-na-07,D-01-01-na-08"
"PS-02-02-02","JkxnuPQ","血液・造血器・リンパ系でみられる症候について理解している。","PS-02-02","JnIAstQ","D-01-03-na-01,D-01-03-na-02, D-01-03-na-03, D-01-03-na-04, D-01-03-na-05, D-01-03-na-06, ,D-01-03-na-01,D-01-03-na-02, D-01-03-na-03, D-01-03-na-04, D-01-03-na-05, D-01-03-na-06, ,D-01-03-na-01,D-01-03-na-02, D-01-03-na-03, D-01-03-na-04, D-01-03-na-05, D-01-03-na-06, ,D-01-03-na-01,D-01-03-na-02, D-01-03-na-03, D-01-03-na-04, D-01-03-na-05, D-01-03-na-06, ,D-01-03-na-04, D-01-03-na-05,,D-01-03-na-04, D-01-03-na-05,,D-01-03-na-04, D-01-03-na-05,"
"PS-02-02-03","JkxnuPU","血液・造血器・リンパ系で行う検査方法について基本的事項を理解している。","PS-02-02","JnIAstQ","D-01-02-na-01,なし,D-01-02-na-02,なし,D-01-02-na-02,なし"
"PS-02-02-04","JkxnuPY","血液・造血器・リンパ系疾患に特異的な治療法について基本的事項を理解している。","PS-02-02","JnIAstQ","なし,なし"
"PS-02-02-05","JkxnuPc","血液・造血器・リンパ系の疾患・病態について病因、疫学、症候、検査、診断、治療法を理解している。","PS-02-02","JnIAstQ","D-01-04-01-01, D-01-04-01-02, D-01-04-01-03, D-01-04-01-04, D-01-04-01-05,D-01-04-02-01, D-01-04-02-02, D-01-04-02-03, D-01-04-02-04, D-01-04-02-05, D-01-04-02-06, D-01-04-02-07,なし,D-01-04-04-01, D-01-04-04-02, D-01-04-04-03, D-01-04-04-04, D-01-04-04-05, D-01-04-04-06, D-01-04-04-07, D-01-04-04-08, D-01-04-04-09,なし"
"PS-02-03-01","JkxnuPk","神経系の構造と機能について基本的事項を理解している。","PS-02-03","JnIAstY","D-02-01-01-01,D-02-01-01-02,D-02-01-01-03,D-02-01-01-04,D-02-01-01-05,D-02-01-02-01,D-02-01-02-02,D-02-01-02-03,D-02-01-03-01, D-02-01-03-03,D-02-01-03-02,D-02-01-04-01,D-02-01-04-02,D-02-01-04-03,D-02-01-05-01,D-02-01-05-02,D-02-01-05-03,D-02-01-06-01,D-02-01-06-02,D-02-01-07-01,D-02-01-07-02,D-02-01-07-03"
"PS-02-03-02","JkxnuPo","神経系でみられる症候について理解している。","PS-02-03","JnIAstY","D-02-03-na-01, D-02-03-na-02, D-02-03-na-03, D-02-03-na-04, D-02-03-na-05,D-02-03-na-01, D-02-03-na-02, D-02-03-na-03, D-02-03-na-04, D-02-03-na-05,D-02-03-na-01, D-02-03-na-02, D-02-03-na-03, D-02-03-na-04, D-02-03-na-05,D-02-03-na-01, D-02-03-na-02, D-02-03-na-03, D-02-03-na-04, D-02-03-na-05,D-02-03-na-01, D-02-03-na-02, D-02-03-na-03, D-02-03-na-04, D-02-03-na-05,D-02-03-na-01, D-02-03-na-02, D-02-03-na-03, D-02-03-na-04, D-02-03-na-05,D-02-03-na-01, D-02-03-na-02, D-02-03-na-03, D-02-03-na-04, D-02-03-na-05,D-02-03-na-01, D-02-03-na-02, D-02-03-na-03, D-02-03-na-04, D-02-03-na-05,D-02-03-01-01, D-02-03-01-02, D-02-03-01-03, D-02-03-03-01, D-02-03-04-02, D-02-03-04-03,D-02-03-01-01, D-02-03-01-02, D-02-03-01-03, D-02-03-03-01, D-02-03-04-02, D-02-03-04-03,D-02-03-01-01, D-02-03-01-02, D-02-03-01-03, D-02-03-03-01, D-02-03-04-02, D-02-03-04-03,D-02-03-01-01, D-02-03-01-02, D-02-03-01-03, D-02-03-03-01, D-02-03-04-02, D-02-03-04-03,D-02-03-01-01, D-02-03-01-02, D-02-03-01-03, D-02-03-03-01, D-02-03-04-02, D-02-03-04-03,D-02-03-01-01, D-02-03-01-02, D-02-03-01-03, D-02-03-03-01, D-02-03-04-02, D-02-03-04-03"
"PS-02-03-03","JkxnuPs","神経系で行う検査方法について基本的事項を理解している。","PS-02-03","JnIAstY","D-02-02-na-01,D-02-02-na-02"
"PS-02-03-04","JkxnuPw","神経系疾患に特異的な治療法について基本的事項を理解している。","PS-02-03","JnIAstY","D-02-04-01-02"
"PS-02-03-05","JkxnuP0","神経系の疾患・病態について病因、疫学、症候、検査、診断、治療法を理解している。","PS-02-03","JnIAstY","D-02-04-01-01,D-02-04-03-01,D-02-04-03-02,D-02-04-02-01,D-02-04-02-02,D-02-04-02-03,D-02-04-02-04,D-02-04-02-05,D-02-04-05-01,D-02-04-05-02,D-02-04-05-03,D-02-04-05-04,D-02-04-06-01,D-02-04-06-02,D-02-04-06-03,D-02-04-07-01,D-02-04-08-01,D-02-04-04-02,D-02-04-04-03,D-02-04-09-01,D-02-04-09-02,D-02-04-10-01"
"PS-02-04-01","JkxnuP4","皮膚系の構造と機能について基本的事項を理解している。","PS-02-04","JnIAstc","D-03-01-na-01,D-03-01-na-02,D-03-01-na-03"
"PS-02-04-02","JkxnuP8","皮膚系でみられる症候について理解している。","PS-02-04","JnIAstc","D-03-03-na-01,D-03-03-na-01,D-03-03-na-01,D-03-03-na-01"
"PS-02-04-03","JkxnuQA","皮膚系で行う検査方法について基本的事項を理解している。","PS-02-04","JnIAstc","D-03-02-na-01,D-03-02-na-02,D-03-02-na-03,"
"PS-02-04-04","JkxnuQE","皮膚系疾患に特異的な治療法について基本的事項を理解している。","PS-02-04","JnIAstc",",,"
"PS-02-04-05","JkxnuQI","皮膚系の疾患・病態について病因、疫学、症候、検査、診断、治療法を理解している。","PS-02-04","JnIAstc","D-03-04-01-01, ,D-03-04-01-02,D-03-04-02-01,,D-03-04-02-02,,D-03-04-02-03.,,D-03-04-03-01,D-03-04-04-01, D-03-04-04-02,D-03-04-05-01, D-03-04-05-02, D-03-04-05-03,D-03-04-06-01,D-03-04-06-02,,D-03-04-07-01,D-03-04-07-02,D-03-04-07-03,D-03-04-07-04,D-03-04-07-05, D-03-04-07-06,D-03-04-08-01,D-03-04-09-01, D-03-04-09-02,,,"
"PS-02-05-01","JkxnuQM","運動器（筋骨格）系の構造と機能について基本的事項を理解している。","PS-02-05","JnIAstk","D-04-01-na-01,D-04-01-na-02,D-04-01-na-03,D-04-01-na-04,D-04-01-na-05,D-04-01-na-06,D-04-01-na-07,D-04-01-na-08"
"PS-02-05-02","JkxnuQQ","運動器（筋骨格）系でみられる症候について理解している。","PS-02-05","JnIAstk","D-04-03-na-01, D-04-03-na-02, D-04-03-na-03,D-04-03-na-01, D-04-03-na-02, D-04-03-na-03,D-04-03-na-01, D-04-03-na-02, D-04-03-na-03,D-04-03-na-01, D-04-03-na-02, D-04-03-na-03,D-04-03-na-01, D-04-03-na-02, D-04-03-na-03"
"PS-02-05-03","JkxnuQU","運動器（筋骨格）系で行う検査方法について基本的事項を理解している。","PS-02-05","JnIAstk","D-04-02-na-01,D-04-02-na-02,"
"PS-02-05-04","JkxnuQY","運動器（筋骨格）系疾患に特異的な治療法について基本的事項を理解している。","PS-02-05","JnIAstk","D-04-04-01-15,"
"PS-02-05-05","JkxnuQc","運動器（筋骨格）系の疾患・病態について病因、疫学、症候、検査、診断、治療法を理解している。","PS-02-05","JnIAstk","D-04-04-01-01,D-04-04-01-02,,D-04-04-01-03,D-04-04-01-04,D-04-04-01-05,D-04-04-01-06,D-04-04-01-07,D-04-04-01-08,D-04-04-01-09,D-04-04-01-10,D-04-04-01-11,D-04-04-01-12,D-04-04-01-13,D-04-04-01-14,D-04-04-02-01,D-04-04-02-02,,,D-04-04-03-01, D-04-04-03-02, D-04-04-03-03"
"PS-02-06-01","JkxnuQg","循環器系の構造と機能について基本的事項を理解している。","PS-02-06","JnIAsto","D-05-01-na-01,D-05-01-na-02,D-05-01-na-03,D-05-01-na-04,D-05-01-na-05,D-05-01-na-06,D-05-01-na-07,D-05-01-na-08,D-05-01-na-09,D-05-01-na-10,D-05-01-na-11,D-05-01-na-12,D-05-01-na-13,D-05-01-na-14"
"PS-02-06-02","JkxnuQk","循環器系でみられる症候について理解している。","PS-02-06","JnIAsto","D-05-03-na-04, D-05-03-na-06, D-05-03-na-09, D-05-03-na-10, D-05-03-na-12, D-05-03-na-13, D-05-03-na-14, D-05-03-na-19,D-05-03-na-04, D-05-03-na-06, D-05-03-na-09, D-05-03-na-10, D-05-03-na-12, D-05-03-na-13, D-05-03-na-14, D-05-03-na-19,D-05-03-na-04, D-05-03-na-06, D-05-03-na-09, D-05-03-na-10, D-05-03-na-12, D-05-03-na-13, D-05-03-na-14, D-05-03-na-19,D-05-03-na-04, D-05-03-na-06, D-05-03-na-09, D-05-03-na-10, D-05-03-na-12, D-05-03-na-13, D-05-03-na-14, D-05-03-na-19,D-05-03-na-04, D-05-03-na-06, D-05-03-na-09, D-05-03-na-10, D-05-03-na-12, D-05-03-na-13, D-05-03-na-14, D-05-03-na-19,D-05-03-na-04, D-05-03-na-06, D-05-03-na-09, D-05-03-na-10, D-05-03-na-12, D-05-03-na-13, D-05-03-na-14, D-05-03-na-19,D-05-03-na-04, D-05-03-na-06, D-05-03-na-09, D-05-03-na-10, D-05-03-na-12, D-05-03-na-13, D-05-03-na-14, D-05-03-na-19,D-05-03-na-04, D-05-03-na-06, D-05-03-na-09, D-05-03-na-10, D-05-03-na-12, D-05-03-na-13, D-05-03-na-14, D-05-03-na-19,D-05-03-na-04, D-05-03-na-06, D-05-03-na-09, D-05-03-na-10, D-05-03-na-12, D-05-03-na-13, D-05-03-na-14, D-05-03-na-19,"
"PS-02-06-03","JkxnuQo","循環器系で行う検査方法について基本的事項を理解している。","PS-02-06","JnIAsto","D-05-02-na-01,D-05-02-na-03,D-05-02-na-02,D-05-02-na-04,D-05-02-na-05,D-05-02-na-06"
"PS-02-06-04","JkxnuQs","循環器系疾患に特異的な治療法について基本的事項を理解している。","PS-02-06","JnIAsto","D-05-04-02-06,D-05-04-03-05,D-05-04-01-04, D-05-04-02-06"
"PS-02-06-05","JkxnuQw","循環器系の疾患・病態について病因、疫学、症候、検査、診断、治療法を理解している。","PS-02-06","JnIAsto","D-05-04-01-01,D-05-04-01-02,D-05-04-01-03,,D-05-04-01-05,D-05-04-02-01,D-05-04-02-02,D-05-04-02-03,D-05-04-02-04,D-05-04-02-05,D-05-04-02-06,D-05-04-03-01,D-05-04-03-02,D-05-04-03-03,D-05-04-03-04, D-05-04-03-06,D-05-04-04-01,D-05-04-05-02,D-05-04-05-03,D-05-04-05-04,D-05-04-05-05,,D-05-04-05-06,D-05-04-06-01,D-05-04-07-01,D-05-04-07-02,D-05-04-07-03,D-05-04-07-04,D-05-04-07-05,D-05-04-08-01,D-05-04-08-02,D-05-04-08-03,D-05-04-08-04,D-05-04-09-01,D-05-04-09-02,D-05-04-09-04,D-05-04-10-02,D-05-04-11-01"
"PS-02-07-01","JkxnuQ0","呼吸器系の構造と機能について基本的事項について理解している。","PS-02-07","JnIAstw","D-06-01-na-01,D-06-01-na-02,D-06-01-na-03,D-06-01-na-04,D-06-01-na-05,D-06-01-na-06,D-06-01-na-07,D-06-01-na-08,D-06-01-na-09,D-06-01-na-10"
"PS-02-07-02","JkxnuQ4","呼吸器系でみられる症候について理解している。","PS-02-07","JnIAstw","D-06-03-02-01, D-06-03-02-02, D-06-03-02-03, D-06-03-02-04, D-06-03-02-05,D-06-03-02-01, D-06-03-02-02, D-06-03-02-03, D-06-03-02-04, D-06-03-02-05,D-06-03-02-01, D-06-03-02-02, D-06-03-02-03, D-06-03-02-04, D-06-03-02-05,D-06-03-02-01, D-06-03-02-02, D-06-03-02-03, D-06-03-02-04, D-06-03-02-05,D-06-03-01-01,D-06-04-01-01,D-06-04-01-02,D-06-03-01-01,D-06-04-01-01,D-06-04-01-02,D-06-03-01-01,D-06-04-01-01,D-06-04-01-02,D-06-03-01-01,D-06-04-01-01,D-06-04-01-02"
"PS-02-07-03","JkxnuQ8","呼吸器系で行う検査方法について基本的事項を理解している。","PS-02-07","JnIAstw","D-06-02-na-03,D-06-04-08-04,,D-06-02-na-01,D-06-02-na-02"
"PS-02-07-04","JkxnuRA","呼吸器系疾患に特異的な治療法について基本的事項を理解している。","PS-02-07","JnIAstw",",,"
"PS-02-07-05","JkxnuRE","呼吸器系の疾患・病態について病因、疫学、症候、検査、診断、治療法を理解している。","PS-02-07","JnIAstw","D-06-04-01-01, D-06-04-01-02,D-06-04-02-01, D-06-04-02-02, D-06-04-02-03, D-06-04-02-04, D-06-04-02-05, D-06-04-02-06, D-06-04-02-07,D-06-04-03-01, D-06-04-03-02, D-06-04-03-03, D-06-04-03-04, D-06-04-03-05, D-06-04-03-06, D-06-04-03-07,D-06-04-04-01, D-06-04-04-02, D-06-04-04-03, D-06-04-04-04, ,D-06-04-05-01, D-06-04-05-02, D-06-04-05-03, D-06-04-05-04, ,D-06-04-06-01, D-06-04-06-02, D-06-04-06-03,D-06-04-07-01, D-06-04-07-02, D-06-04-07-03, D-06-04-07-04, D-06-04-07-05,D-06-04-08-01, D-06-04-08-02, D-06-04-08-03, D-06-04-08-04,,"
"PS-02-08-01","JkxnuRI","消化器系の構造と機能について基本的事項を理解している。","PS-02-08","JnIAst0","D-07-01-na-01,D-07-01-na-02,D-07-01-na-03,D-07-01-na-04,D-07-01-na-05,D-07-01-na-06,D-07-01-na-07,D-07-01-na-08,D-07-01-na-09,D-07-01-na-10,D-07-01-na-11,D-07-01-na-12,D-07-01-na-13,D-07-01-na-14,D-07-01-na-15"
"PS-02-08-02","JkxnuRM","消化器系でみられる症候について理解している。","PS-02-08","JnIAst0","D-07-03-02-01,D-07-03-02-02,D-07-03-02-03,D-07-03-02-04,D-07-03-02-05,D-07-03-02-06,D-07-03-02-07,D-07-03-02-01,D-07-03-02-02,D-07-03-02-03,D-07-03-02-04,D-07-03-02-05,D-07-03-02-06,D-07-03-02-07,D-07-03-02-01,D-07-03-02-02,D-07-03-02-03,D-07-03-02-04,D-07-03-02-05,D-07-03-02-06,D-07-03-02-07,D-07-03-02-01,D-07-03-02-02,D-07-03-02-03,D-07-03-02-04,D-07-03-02-05,D-07-03-02-06,D-07-03-02-07,D-07-03-02-01,D-07-03-02-02,D-07-03-02-03,D-07-03-02-04,D-07-03-02-05,D-07-03-02-06,D-07-03-02-07,D-07-03-02-01,D-07-03-02-02,D-07-03-02-03,D-07-03-02-04,D-07-03-02-05,D-07-03-02-06,D-07-03-02-07,D-07-03-02-01,D-07-03-02-02,D-07-03-02-03,D-07-03-02-04,D-07-03-02-05,D-07-03-02-06,D-07-03-02-07,D-07-03-02-01,D-07-03-02-02,D-07-03-02-03,D-07-03-02-04,D-07-03-02-05,D-07-03-02-06,D-07-03-02-07,D-07-03-02-01,D-07-03-02-02,D-07-03-02-03,D-07-03-02-04,D-07-03-02-05,D-07-03-02-06,D-07-03-02-07,D-07-03-01-01,D-07-03-01-02,D-07-03-01-01,D-07-03-01-02"
"PS-02-08-03","JkxnuRQ","消化器系で行う検査方法について基本的事項を理解している。","PS-02-08","JnIAst0","D-07-02-na-01,D-07-02-na-02,D-07-02-na-03,D-07-02-na-04,D-07-02-na-05"
"PS-02-08-04","JkxnuRU","消化器系疾患に特異的な治療法について基本的事項を理解している。","PS-02-08","JnIAst0",",,"
"PS-02-08-05","JkxnuRY","消化器系の疾患・病態について病因、疫学、症候、検査、診断、治療法を理解している。","PS-02-08","JnIAst0","D-07-04-01-01,D-07-04-01-02, D-07-04-01-03,D-07-04-02-01, D-07-04-02-02, D-07-04-02-03, D-07-04-02-04, D-07-04-02-05, D-07-04-02-06, D-07-04-02-07, D-07-04-02-08,D-07-04-03-01, D-07-04-03-02, D-07-04-03-03, D-07-04-03-04, D-07-04-03-05, D-07-04-03-06, D-07-04-03-07, D-07-04-03-08, D-07-04-03-09,D-07-04-03-10,D-07-04-03-11,D-07-04-03-12,D-07-04-03-13,D-07-04-03-14,D-07-04-03-15,D-07-04-03-16,D-07-04-03-17,D-07-04-04-01,D-07-04-04-02,D-07-04-04-03,D-07-04-04-04,D-07-04-05-01,D-07-04-05-02,D-07-04-05-03,D-07-04-05-04,D-07-04-05-05,D-07-04-05-06,D-07-04-05-07,D-07-04-05-08,D-07-04-05-09,D-07-04-05-10,D-07-04-05-11, D-07-04-05-11,D-07-04-06-01,D-07-04-06-02,D-07-04-06-03,D-07-04-07-01,D-07-04-07-02,D-07-04-07-03,D-07-04-08-01,D-07-04-08-02,D-07-04-08-03,D-07-04-08-04,D-07-04-08-05,D-07-04-08-06,D-07-04-08-07,D-07-04-08-08,D-07-04-08-09,D-07-04-08-10,D-07-04-08-11,D-07-04-08-12"
"PS-02-09-01","JkxnuRc","腎・尿路系の構造と機能について基本的事項を理解している。","PS-02-09","JnIAst8","D-08-01-na-01,D-08-01-na-02,D-08-01-na-03,D-08-01-na-04,D-08-01-na-05,D-08-01-na-06,D-08-01-na-07,D-08-01-na-08"
"PS-02-09-02","JkxnuRg","腎・尿路系でみられる症候について理解している。","PS-02-09","JnIAst8",",,,,,D-08-04-02-05"
"PS-02-09-03","JkxnuRk","腎・尿路系で行う検査方法について基本的事項を理解している。","PS-02-09","JnIAst8","D-08-02-na-02,D-08-02-na-01,D-08-02-na-03,D-08-02-na-04"
"PS-02-09-04","JkxnuRo","腎・尿路系疾患に特異的な治療法について基本的事項を理解している。","PS-02-09","JnIAst8","D-08-04-01-06"
"PS-02-09-05","JkxnuRs","腎・尿路系の疾患・病態について病因、疫学、症候、検査、診断、治療法を理解している。","PS-02-09","JnIAst8","D-08-04-01-01,D-08-04-01-02, D-08-04-01-03, D-08-04-01-04, D-08-04-01-05, ,D-08-03-01-01,D-08-03-01-02,D-08-03-01-03,D-08-03-01-04,D-08-04-09-01, D-08-04-09-02,D-08-04-02-01, D-08-04-02-02, D-08-04-02-03,D-08-04-03-01, D-08-04-03-02,D-08-04-04-01, D-08-04-05-01, D-08-04-05-02,D-08-04-06-01, D-08-04-06-02, D-08-04-06-03, D-08-04-06-04,. D-08-04-06-05,D-08-04-07-01, D-08-04-07-02,D-08-04-08-01, D-08-04-08-02, D-08-04-08-03,D-08-04-09-01, D-08-04-09-02"
"PS-02-10-01","Jn46SWA","生殖器系の構造と機能について基本的事項を理解している。","PS-02-10","JnIAsuA",""
"PS-02-10-02","JkxnuR0","生殖器系でみられる症候について理解している。","PS-02-10","JnIAsuA","D-09-03-02-01,D-09-03-02-02,D-09-03-02-04,D-09-03-02-01,D-09-03-02-02,D-09-03-02-04,D-09-03-02-01,D-09-03-02-02,D-09-03-02-04,D-09-03-02-01,D-09-03-02-02,D-09-03-02-04,D-09-03-02-01,D-09-03-02-02,D-09-03-02-04,D-09-03-02-01,D-09-03-02-02,D-09-03-02-04,D-09-03-01-01,D-09-03-01-02, D-09-03-02-03、D-09-03-03-01,D-09-03-04-01,D-09-03-04-05,D-09-03-01-01,D-09-03-01-02, D-09-03-02-03、D-09-03-03-01,D-09-03-04-01,D-09-03-04-05,D-09-03-01-01,D-09-03-01-02, D-09-03-02-03、D-09-03-03-01,D-09-03-04-01,D-09-03-04-05,D-09-03-01-01,D-09-03-01-02, D-09-03-02-03、D-09-03-03-01,D-09-03-04-01,D-09-03-04-05,D-09-03-01-01,D-09-03-01-02, D-09-03-02-03、D-09-03-03-01,D-09-03-04-01,D-09-03-04-05,D-09-03-01-01,D-09-03-01-02, D-09-03-02-03、D-09-03-03-01,D-09-03-04-01,D-09-03-04-05,D-09-03-01-01,D-09-03-01-02, D-09-03-02-03、D-09-03-03-01,D-09-03-04-01,D-09-03-04-05,D-09-03-01-01,D-09-03-01-02, D-09-03-02-03、D-09-03-03-01,D-09-03-04-01,D-09-03-04-05,D-09-03-01-01,D-09-03-01-02, D-09-03-02-03、D-09-03-03-01,D-09-03-04-01,D-09-03-04-05"
"PS-02-10-03","JkxnuR4","生殖器系で行う検査方法について基本的事項を理解している。","PS-02-10","JnIAsuA","D-09-02-01-01,D-09-02-02-01,D-09-02-02-02,D-09-02-02-03,D-09-02-02-04"
"PS-02-10-04","JkxnuR8","生殖器系に関する疾患に特異的な治療法について基本的事項を理解している。","PS-02-10","JnIAsuA",""
"PS-02-10-05","JkxnuSA","生殖器系に関する疾患・病態について病因、疫学、症候、検査、診断、治療法を理解している。","PS-02-10","JnIAsuA","D-09-04-01-01,D-09-04-01-02,D-09-04-01-03,D-09-04-02-01,D-09-04-02-02,D-09-04-02-03,D-09-04-02-04,D-09-04-02-05,D-09-04-02-06,D-09-04-03-01,D-09-04-03-02,D-09-04-03-03,D-09-04-03-04,D-09-04-03-05"
"PS-02-11-01","JkxnuSE","妊娠と分娩に関する構造と機能について基本的事項を理解している。","PS-02-11","JnIAsuI","D-10-03-na-01,D-10-03-na-02,D-10-03-na-03,D-10-01-na-02,D-10-03-na-04,D-10-03-na-05,D-10-03-na-06, D-10-03-na-07"
"PS-02-11-02","JkxnuSI","妊娠と分娩でみられる症候について理解している。","PS-02-11","JnIAsuI","D-10-02-na-01,D-10-02-na-02,D-10-02-na-03,D-10-02-na-01,D-10-02-na-02,D-10-02-na-03,D-10-02-na-01,D-10-02-na-02,D-10-02-na-03,F-01-30-na-01,F-01-30-na-02,F-01-30-na-03, G-02-30-na-01,G-02-30-na-02,G-02-30-na-03,G-02-30-na-04,G-02-30-na-05,F-01-30-na-01,F-01-30-na-02,F-01-30-na-03, G-02-30-na-01,G-02-30-na-02,G-02-30-na-03,G-02-30-na-04,G-02-30-na-05"
"PS-02-11-03","JkxnuSM","妊娠と分娩で行う検査方法について基本的事項を理解している。","PS-02-11","JnIAsuI","D-10-01-na-01,D-10-01-na-04,D-10-01-na-03"
"PS-02-11-04","JkxnuSQ","妊娠と分娩に特異的な治療法について基本的事項を理解している。","PS-02-11","JnIAsuI",",D-10-03-na-08"
"PS-02-11-05","JkxnuSU","妊娠と分娩に関する疾患・病態について病因、疫学、症候、検査、診断、治療法を理解している。","PS-02-11","JnIAsuI","D-10-04-na-01,D-10-04-na-02,D-10-04-na-03,D-10-04-na-04,D-10-04-na-05"
"PS-02-12-01","Jli53Ic","小児にみられる症候について理解している。","PS-02-12","JnIAsuM","E-07-03-na-05, E-07-03-na-07"
"PS-02-12-02","Jli53IY","小児で行う検査方法について基本的事項を理解している。","PS-02-12","JnIAsuM","E-07-03-na-07"
"PS-02-12-03","Jli53IQ","小児に特異的な治療法について基本的事項を理解している。","PS-02-12","JnIAsuM","E-07-03-na-05, E-07-03-na-07"
"PS-02-12-04","Jli53IM","小児の疾患・病態について病因、疫学、症候、検査、診断、治療法を理解している。","PS-02-12","JnIAsuM","E-07-03-na-05, E-07-03-na-07"
"PS-02-13-01","JkxnuSY","乳房の構造と機能について基本的事項を理解している。","PS-02-13","JnIAsuU","D-11-01-na-01,D-11-01-na-02,D-11-01-na-03"
"PS-02-13-02","JkxnuSc","乳房でみられる症候について理解している。","PS-02-13","JnIAsuU","D-11-03-na-01,D-11-04-01-02,D-11-03-na-01,D-11-04-01-02,D-11-03-na-01,D-11-04-01-02,D-11-03-na-01,D-11-04-01-02"
"PS-02-13-03","JkxnuSg","乳房に関して行う検査方法について基本的事項を理解している。","PS-02-13","JnIAsuU","D-11-02-na-01,D-11-02-na-02"
"PS-02-13-04","JkxnuSk","乳房疾患に特異的な治療法について基本的事項を理解している。","PS-02-13","JnIAsuU",""
"PS-02-13-05","JkxnuSs","乳房に関する疾患・病態について病因、疫学、症候、検査、診断、治療法について理解している。","PS-02-13","JnIAsuU","D-11-04-01-01,"
"PS-02-14-01","JkxnuSw","内分泌・栄養・代謝系の構造と機能について基本的事項を理解している。","PS-02-14","JnIAsuc","D-12-01-na-01,D-12-01-na-03,D-12-01-na-04,D-12-01-na-05,D-12-01-na-06,D-12-01-na-07,D-12-01-na-08,D-12-01-na-09,D-12-02-na-02,D-12-02-na-03"
"PS-02-14-02","JkxnuS0","内分泌・栄養・代謝系でみられる症候について理解している。","PS-02-14","JnIAsuc",",,,,,,"
"PS-02-14-03","JkxnuS4","内分泌・栄養・代謝系で行う検査方法について基本的事項を理解している。","PS-02-14","JnIAsuc",","
"PS-02-14-04","JkxnuS8","内分泌・栄養・代謝系疾患に特異的な治療法について基本的事項を理解している。","PS-02-14","JnIAsuc",""
"PS-02-14-05","JkxnuTA","内分泌・栄養・代謝系の疾患・病態について病因、疫学、症候、検査、診断、治療法を理解している。","PS-02-14","JnIAsuc","D-12-04-01-01,D-12-04-01-02, D-12-04-01-03, D-12-04-01-04, D-12-04-01-06, D-12-04-01-07,D-12-04-02-01, D-12-04-02-02, D-12-04-02-03,D-12-04-03-01,D-12-04-03-02,D-12-04-03-03,D-12-04-03-04,D-12-04-04-01, D-12-04-04-02, D-12-04-04-03,D-12-04-05-01, D-12-04-05-02, D-12-04-05-03, D-12-04-05-04, D-12-04-05-05,D-12-04-06-01,D-12-04-06-02,D-12-04-07-01,D-12-04-07-02,D-12-04-08-01,D-12-04-09-01,D-12-04-09-02,D-12-04-09-03,D-12-04-01-05, D-12-04-04-04,D-12-04-10-01,D-12-04-10-02,D-12-04-10-03"
"PS-02-14-06","JkxnuOE","メタボリックシンドロームの病態について理解している。","PS-02-14","JnIAsuc","C-04-03-na-06"
"PS-02-15-01","JkxnuTE","眼・視覚系の構造と機能について基本的事項を理解している。","PS-02-15","JnIAsug","D-13-01-na-01,D-13-01-na-02,D-13-01-na-03,D-13-01-na-04"
"PS-02-15-02","JkxnuTI","眼・視覚系でみられる症候について理解している。","PS-02-15","JnIAsug","D-13-03-02-01,D-13-03-02-02,D-13-03-02-03,D-13-03-02-01,D-13-03-02-02,D-13-03-02-03,D-13-03-02-01,D-13-03-02-02,D-13-03-02-03,D-13-03-01-01,D-13-03-01-01,D-13-03-01-01,D-13-03-01-01,D-13-03-01-01,D-13-03-01-01"
"PS-02-15-03","JkxnuTM","眼・視覚系で行う検査方法について基本的事項を理解している。","PS-02-15","JnIAsug","D-13-02-na-01,D-13-02-na-01,D-13-02-na-01,D-13-02-na-01,D-13-02-na-01"
"PS-02-15-04","JkxnuTQ","眼・視覚系疾患に特異的な治療法について基本的事項を理解している。","PS-02-15","JnIAsug",""
"PS-02-15-05","JkxnuTU","眼・視覚系の疾患・病態について病因、疫学、症候、検査、診断、治療法を理解している。","PS-02-15","JnIAsug","D-13-04-01-01,D-13-04-01-02,,D-13-04-01-03,D-13-04-01-04,D-13-04-01-05,,D-13-04-01-06,D-13-04-01-07,D-13-04-01-08,D-13-04-01-09,D-13-04-01-10,D-13-04-02-01"
"PS-02-16-01","JkxnuTY","耳鼻・咽喉・口腔系の構造と機能について基本的事項を理解している。","PS-02-16","JnIAsuo","D-14-01-na-01,D-14-01-na-02,D-14-01-na-03,D-14-01-na-04,D-14-01-na-05,D-14-01-na-06"
"PS-02-16-02","JkxnuTc","耳鼻・咽喉・口腔系でみられる症候について理解している。","PS-02-16","JnIAsuo","D-14-02-na-01, D-14-02-na-02,D-14-02-na-01, D-14-02-na-02,D-14-03-01-01,D-14-03-01-01,D-14-03-01-01,D-14-03-01-01,D-14-03-01-01,D-14-03-01-01,D-14-03-01-01,D-14-03-01-01,D-14-03-01-01,D-14-03-01-01,D-14-03-01-01,D-14-03-01-01,D-14-03-01-01,D-14-03-01-01"
"PS-02-16-03","JkxnuTg","耳鼻・咽喉・口腔系で行う検査方法について基本的事項を理解している。","PS-02-16","JnIAsuo","D-14-02-na-01,D-14-02-na-02,"
"PS-02-16-04","JkxnuTk","耳鼻・咽喉・口腔系疾患に特異的な治療法について基本的事項を理解している。","PS-02-16","JnIAsuo",",D-14-04-01-10"
"PS-02-16-05","JkxnuTo","耳鼻・咽喉・口腔系の疾患・病態について病因、疫学、症候、検査、診断、治療法を理解している。","PS-02-16","JnIAsuo","D-14-04-01-01,,D-14-04-01-02,D-14-04-01-03,D-14-04-01-04,,D-14-04-01-05,D-14-04-01-06,D-14-04-01-07,D-14-04-01-08,D-14-04-01-09,D-14-04-01-10,D-14-04-01-11,D-14-04-01-12,,,,,,D-14-04-02-01, D-14-04-02-02"
"PS-02-17-01","JkxnuTs","脳とこころの働きについて基本的事項を理解している。","PS-02-17","JnIAsus",""
"PS-02-17-02","JkxnuTw","精神系でみられる症候について理解している。","PS-02-17","JnIAsus","D-15-02-na-02,D-15-02-na-02,D-15-02-na-02,D-15-02-na-01, D-15-02-na-02, D-15-02-na-03,D-15-02-na-01, D-15-02-na-02, D-15-02-na-03,D-15-02-na-01, D-15-02-na-02, D-15-02-na-03"
"PS-02-17-03","JkxnuT0","精神系で行う検査方法について基本的事項を理解している。","PS-02-17","JnIAsus","D-15-01-na-05,,,,,,,,D-15-01-na-02"
"PS-02-17-04","JkxnuT4","精神系疾患に特異的な治療法について基本的事項を理解している。","PS-02-17","JnIAsus","D-15-01-na-01,D-15-01-na-03,D-15-01-na-04"
"PS-02-17-05","JkxnuT8","精神系の疾患・病態について病因、疫学、症候、検査、診断、治療法を理解している。","PS-02-17","JnIAsus","D-15-03-na-02,D-15-03-na-01,D-15-03-na-03,D-15-03-na-05, D-15-03-na-06,D-15-03-na-04,,D-15-03-na-07,D-15-03-na-09,D-15-03-na-07, D-15-03-na-08,D-15-03-na-08,D-15-03-na-10, E-08-01-na-05"
"PS-03-01-01","JkxnuUA","集団遺伝学の基礎としてハーディ・ワインベルグの法則について概要を理解している。","PS-03-01","JnIAsu0","E-01-01-na-01"
"PS-03-01-02","JkxnuUE","家系図を作成し、評価できる。","PS-03-01","JnIAsu0","E-01-01-na-02"
"PS-03-01-03","JkxnuUI","生殖細胞系列変異と体細胞変異の違い、遺伝学的検査の目的と意義について理解している。","PS-03-01","JnIAsu0","E-01-01-na-03"
"PS-03-01-04","JkxnuUM","遺伝情報の特性（不変性、予見性、共有性、あいまい性）について理解している。","PS-03-01","JnIAsu0","E-01-01-na-04"
"PS-03-01-05","JkxnuUQ","遺伝カウンセリングの意義と方法について理解している。","PS-03-01","JnIAsu0","E-01-01-na-05"
"PS-03-01-06","JkxnuUU","遺伝医療における倫理的・法的・社会的配慮について理解している。","PS-03-01","JnIAsu0","E-01-01-na-06"
"PS-03-01-07","JkxnuUY","遺伝医学関連情報にアクセスすることができる。","PS-03-01","JnIAsu0","E-01-01-na-07"
"PS-03-01-08","JkxnuUc","遺伝情報に基づく治療や予防をはじめとする未発症者を含む患者・家族への適切な対処法について概要を理解している。","PS-03-01","JnIAsu0","E-01-01-na-08"
"PS-03-02-01","JnGUA2Q","膠原病、血管炎、リウマチ性疾患、アレルギー性疾患、自己免疫疾患の概念を区別して理解し、それぞれに含まれる疾患を列挙できる([@tbl:diseases])。","PS-03-02","JnIAsu4","E-04-03-01-01"
"PS-03-02-02","JnGUA2Y","膠原病、血管炎、リウマチ性疾患、アレルギー性疾患、自己免疫疾患でみられる症状・症候について説明できる([@tbl:KNautoimmune])。","PS-03-02","JnIAsu4",""
"PS-03-02-03","JnGUA2g","免疫血清学検査の原理と検査結果の臨床的意義について理解している([@tbl:KNautoimmune])。","PS-03-02","JnIAsu4",""
"PS-03-02-04","JnGUA2o","膠原病、血管炎、リウマチ性疾患、アレルギー性疾患、自己免疫疾患に使用する治療薬について理解している([@tbl:KNautoimmune])。","PS-03-02","JnIAsu4",""
"PS-03-02-05","JnGUA2s","膠原病、血管炎、リウマチ性疾患、アレルギー性疾患、自己免疫疾患の疾患・病態について病因、疫学、症候、主な検査・診断、治療法、合併症を説明できる([@tbl:KNautoimmune])。","PS-03-02","JnIAsu4",""
"PS-03-03-01","JkxnuUg","代表的な市中感染症の原因微生物について理解している。","PS-03-03","JnIAsvA","E-02-01-na-02"
"PS-03-03-02","JkxnuUk","代表的な医療関連感染の原因微生物について理解している。","PS-03-03","JnIAsvA","E-02-01-na-02,E-02-01-na-03"
"PS-03-03-03","JkxnuUo","代表的な免疫不全患者の罹患しやすい微生物について概要を理解している。","PS-03-03","JnIAsvA","E-02-01-na-06"
"PS-03-03-04","JkxnuUs","薬剤耐性の現状、代表的な薬剤耐性菌（メチシリン耐性黄色ブドウ球菌等）と抗菌薬適正使用等の予防策について理解している。","PS-03-03","JnIAsvA","E-02-01-na-04,E-02-02-na-06"
"PS-03-03-05","JkxnuUw","患者（宿主）、感染臓器・部位、原因微生物の関係について理解している。","PS-03-03","JnIAsvA","E-02-01-na-05"
"PS-03-03-06","JkxnuU0","代表的な市中感染症のリスク因子、感染経路・侵入門戸、病態生理について理解している。","PS-03-03","JnIAsvA","E-02-01-na-02"
"PS-03-03-07","JkxnuU4","代表的な医療関連感染のリスク因子、感染経路・侵入門戸、病態生理を理解している。","PS-03-03","JnIAsvA","E-02-01-na-02,E-02-01-na-03"
"PS-03-03-08","JkxnuU8","敗血症と血流感染の相違を理解し、病態について理解している。","PS-03-03","JnIAsvA",""
"PS-03-03-09","JkxnuVA","新興感染症等についてその感染経路を理解し、必要な感染対策を理解している。","PS-03-03","JnIAsvA","E-02-01-na-07"
"PS-03-03-10","JkxnuVE","医療面接と身体所見から感染臓器と原因微生物を想定し理解している([@tbl:KNinfection])。","PS-03-03","JnIAsvA","E-02-02-na-01"
"PS-03-03-11","JkxnuVI","医療面接と身体診察から想定した原因微生物の診断方法について理解している([@tbl:KNinfection])。","PS-03-03","JnIAsvA","E-02-02-na-01"
"PS-03-03-12","JkxnuVM","発熱患者への基本検査（血液培養2セット、尿検査・尿培養、胸部エックス線写真等）について理解している。","PS-03-03","JnIAsvA",""
"PS-03-03-13","JkxnuVQ","抗菌薬投与の原則（抗菌薬投与前に培養検体を提出する、微生物と臓器による標準薬を選択し投与期間を設定する）について理解している。","PS-03-03","JnIAsvA",""
"PS-03-03-14","JkxnuVU","抗菌薬の初期治療（経験的治療）について理解している。","PS-03-03","JnIAsvA",""
"PS-03-03-15","JkxnuVY","抗菌薬の最適治療（標的治療）について理解している。","PS-03-03","JnIAsvA",""
"PS-03-03-16","JkxnuVc","ワクチン予防可能な疾患について理解している([@tbl:diseases])。","PS-03-03","JnIAsvA","E-02-02-na-07"
"PS-03-03-17","JkxnuVg","職業感染対策（ワクチン接種、針刺切創・体液曝露、結核曝露等）について理解している。","PS-03-03","JnIAsvA","E-02-04-05-02"
"PS-03-03-18","JkxnuVo","標準予防策（スタンダード・プリコーション）、感染経路別予防策（飛沫感染予防策、接触感染予防策、空気感染予防策等）が必要となる病原微生物、患者から医療従事者への病原微生物曝露を防ぐための個人防護具、予防接種等、医療従事者の体液曝露後の感染予防策について理解している。","PS-03-03","JnIAsvA","E-02-04-05-01,E-02-04-05-02,E-02-04-05-03,B-01-08-na-12"
"PS-03-04-01","JkxnuXM","腫瘍の定義とその特性について、ゲノム異常や分子機構(エピゲノム修飾を含む)とともに理解している。","PS-03-04","JnIAsvE","E-03-01-na-01,C-04-06-na-03"
"PS-03-04-02","JkxnuXQ","我が国及び世界における各腫瘍の頻度等について理解している。","PS-03-04","JnIAsvE",""
"PS-03-04-03","JkxnuXU","腫瘍性疾患発症の遺伝的素因・基礎疾患・感染症・環境生活習慣等のリスク因子、腫瘍の予防・検診について理解している。","PS-03-04","JnIAsvE",""
"PS-03-04-04","JkxnuXY","腫瘍マーカー、バイオマーカー、がん遺伝子パネル検査等、腫瘍に特化した検査とその所見について概要を理解している。","PS-03-04","JnIAsvE","E-03-02-na-01"
"PS-03-04-05","JkxnuXc","腫瘍の内視鏡検査・画像検査（エックス線、CT、MRI、PET・核医学、超音波等）の異常所見がわかり診断できる。","PS-03-04","JnIAsvE","E-03-02-na-02"
"PS-03-04-06","JkxnuXg","腫瘍の生検・細胞診や病理検査とその所見について概要を理解している。","PS-03-04","JnIAsvE","E-03-02-na-03,C-04-06-na-03"
"PS-03-04-07","JkxnuXk","腫瘍のTNM分類、ステージについて概要を理解している。","PS-03-04","JnIAsvE","E-03-01-na-03,C-04-06-na-03"
"PS-03-04-08","JkxnuXo","がんの症候について理解している([@tbl:KNoncology])。","PS-03-04","JnIAsvE",""
"PS-03-04-09","JkxnuXs","主な造血器腫瘍の症候、診断、治療について理解している。","PS-03-04","JnIAsvE","E-03-05-na-01"
"PS-03-04-10","JkxnuXw","主な脳腫瘍の症候、診断、治療について概要を理解している。","PS-03-04","JnIAsvE","E-03-05-na-02"
"PS-03-04-11","JkxnuX0","主な皮膚腫瘍の症候、診断、治療について概要を理解している。","PS-03-04","JnIAsvE","E-03-05-na-03"
"PS-03-04-12","JkxnuX4","主な骨軟部腫瘍の症候、診断、治療について概要を理解している。","PS-03-04","JnIAsvE","E-03-05-na-04"
"PS-03-04-13","JkxnuYA","主な胸部腫瘍（呼吸器系）の症候、診断、治療について概要を理解している。","PS-03-04","JnIAsvE","E-03-05-na-06"
"PS-03-04-14","JkxnuYE","主な消化器腫瘍の症候、診断、治療について理解している。","PS-03-04","JnIAsvE","E-03-05-na-07"
"PS-03-04-15","JkxnuYI","主な泌尿器系腫瘍の症候、診断、治療について理解している。","PS-03-04","JnIAsvE","E-03-05-na-08"
"PS-03-04-16","JkxnuYM","主な生殖器系腫瘍の症候、診断、治療について理解している。","PS-03-04","JnIAsvE","E-03-05-na-09"
"PS-03-04-17","JkxnuYQ","主な乳腺腫瘍の症候、診断、治療について理解している。","PS-03-04","JnIAsvE","E-03-05-na-10"
"PS-03-04-18","JkxnuYU","主な内分泌系腫瘍の症候、診断、治療について理解している。","PS-03-04","JnIAsvE","E-03-05-na-11"
"PS-03-04-19","JkxnuYc","主な頭頸部癌の症候、診断、治療について理解している。","PS-03-04","JnIAsvE","E-03-05-na-13"
"PS-03-04-20","JkxnuYg","主な小児腫瘍の種類、症候、診断、治療について理解している。","PS-03-04","JnIAsvE","E-03-05-na-14,E-03-05-na-12"
"PS-03-04-21","JkxnuYk","原発不明癌、転移性腫瘍、重複癌、AYA世代の腫瘍、希少がんの種類、症候、診断、治療について概要を理解している。","PS-03-04","JnIAsvE","E-03-05-na-05"
"PS-03-04-22","JkxnuYw","オンコロジーエマージェンシー（脊髄圧迫、腫瘍崩壊、上大静脈症候群、代謝障害、治療の有害事象等）の起こりやすいがん、病態生理、症候と対応について概要を理解している。","PS-03-04","JnIAsvE",""
"PS-03-04-23","JkxnuY4","主な腫瘍の手術療法について概要を理解している。","PS-03-04","JnIAsvE","E-03-03-na-02"
"PS-03-04-24","Jkxnud4","主な腫瘍の放射線療法・インターベンショナルラジオロジーの適応について概要を理解している。","PS-03-04","JnIAsvE","E-03-03-na-03"
"PS-03-04-25","JkxnuY8","主な腫瘍の薬物療法（細胞障害性抗癌薬、分子標的治療薬）、造血幹細胞移植、がん免疫に関する治療法について概要を理解している。","PS-03-04","JnIAsvE","E-03-03-na-04"
"PS-03-04-26","JkxnuZA","がん患者に対する支持療法及び緩和ケアを理解している。","PS-03-04","JnIAsvE","E-03-03-na-06,E-03-03-na-07"
"PS-03-04-27","JkxnuZE","腫瘍性疾患患者が直面する社会的・精神的な課題について理解している。","PS-03-04","JnIAsvE","E-03-04-na-03"
"PS-03-05-01","Jkxnuaw","地域の救急医療体制について病院前救護体制、メディカルコントロール、初期・二次・三次救急医療の概念を用いて概要を理解している。","PS-03-05","JnIAsvM","G-04-01-07-05,A-07-01-na-06"
"PS-03-05-02","JkxnubY","ショックの原因分類としての①血流分布異常性ショック（アナフィラキシー、敗血症性、神経原性）、②循環血液量減少性ショック（出血性、体液喪失）、③心原性ショック（心筋収縮力低下、弁疾患、不整脈）、④閉塞性ショック（心タンポナーデ、肺塞栓症、緊張性気胸）とそれぞれの病態及び診断の要点について理解している([@tbl:KNer])。","PS-03-05","JnIAsvM","C-04-04-na-03, F-01-05-na-01,F-01-05-na-02, G-02-05-na-01,G-02-05-na-02,G-02-05-na-03,G-02-05-na-04,G-02-05-na-05,G-02-05-na-06,G-02-05-na-07,G-02-05-na-08,G-02-05-na-09,G-02-05-na-10,G-02-05-na-11"
"PS-03-05-03","Jkxnubc","ショックの患者の初期対応と原因に応じた治療について理解している。","PS-03-05","JnIAsvM","F-01-05-na-02"
"PS-03-05-04","Jkxnubg","心停止の原因分類としての①心血管原性（急性心筋梗塞、急性大動脈解離、大動脈瘤破裂、肺塞栓症）、②呼吸原性（気道閉塞、緊張性気胸、肺実質病変による低酸素血症）、③ 神経原性（重症頭部・脊髄外傷、急性くも膜下出血）、④中毒・環境要因（中毒、熱中症、低体温症）、⑤電解質・酸塩基平衡異常（低・高カリウム血症、アシドーシス、低血糖）と病態及び診断の要点について理解している([@tbl:KNer])。","PS-03-05","JnIAsvM","F-01-06-na-01, F-01-06-na-02, G-02-06-na-01,G-02-06-na-02,G-02-06-na-03,G-02-06-na-04,G-02-06-na-05,G-02-06-na-06,G-02-06-na-07,G-02-06-na-08,G-02-06-na-09,G-02-06-na-10,G-02-06-na-11"
"PS-03-05-05","Jkxnubk","心停止患者の初期対応（一次・二次救命処置）と原因に応じた治療について理解している([@tbl:KNer])。","PS-03-05","JnIAsvM","F-01-06-na-03"
"PS-03-05-06","Jkxnubo","中毒患者が呈するトキシドロームに基づき病歴と身体所見から中毒の起因物質を推定できる([@tbl:KNer])。","PS-03-05","JnIAsvM","E-05-01-na-01"
"PS-03-05-07","Jkxnubs","中毒患者への治療としての吸収の阻害、排泄の促進、拮抗薬の適応と禁忌について概要を理解している([@tbl:KNer])。","PS-03-05","JnIAsvM","E-05-03-01-03"
"PS-03-05-08","Jkxnubw","食中毒、ガス中毒（一酸化炭素中毒、硫化水素、青酸ガス）、農薬（有機リン・有機塩素）、アルコール、薬物（睡眠薬・向精神薬・解熱鎮痛薬・麻薬・覚醒剤）による中毒の病因（発生機序）、症候、診断と治療について理解している([@tbl:KNer])。","PS-03-05","JnIAsvM","E-05-03-01-01, E-05-03-01-02, E-05-03-01-02, E-05-03-01-05, E-05-03-01-06"
"PS-03-05-09","Jkxnub0","水銀、鉛、青酸、ヒ素、パラコート、自然毒、腐食剤による中毒（酸、アルカリ、フッ化水素）、ボタン電池誤飲 による中毒について理解している([@tbl:KNer])。","PS-03-05","JnIAsvM","E-05-03-01-04"
"PS-03-05-10","Jkxnub4","高温による障害（熱中症）、低温による障害（低体温症）の症候、主な検査・診断、治療法について理解している([@tbl:KNer])。","PS-03-05","JnIAsvM","E-05-03-02-01,E-05-03-02-02"
"PS-03-05-11","Jkxnub8","気圧、振動、騒音による障害の症候、主な検査・診断、治療法について概要を理解している([@tbl:KNer])。","PS-03-05","JnIAsvM","E-05-03-02-03, E-05-03-02-04"
"PS-03-05-12","Jkxir3g","外傷の病態と診断の要点について理解している([@tbl:KNer])。","PS-03-05","JnIAsvM","F-01-37-na-02,F-01-37-na-03"
"PS-03-05-13","JkxnucA","熱傷の重症度を評価し（気道熱傷の有無、熱傷面積及び深達度）、治療方針について理解している([@tbl:KNer])。","PS-03-05","JnIAsvM","E-05-03-03-01,E-05-03-03-02, F-01-37-na-01,F-01-37-na-02,F-01-37-na-03"
"PS-03-05-14","JkxnuOU","臓器不全（多臓器不全、サイトカインストーム、播種性血管内凝固症候群）について理解している。","PS-03-05","JnIAsvM","C-04-04-na-05"
"PS-03-05-15","JtPHWts","集中治療及び集中治療室の概要を理解している。","PS-03-05","JnIAsvM",""
"PS-03-05-16","JtPHWt0","侵襲(手術，外傷，熱傷)で生じる生体侵襲と生体反応を理解している。","PS-03-05","JnIAsvM",""
"PS-03-05-17","JtPHWt4","人工呼吸管理・体外式膜型肺・補助循環・急性血液浄化法が必要な病態とその意義を理解している。","PS-03-05","JnIAsvM",""
"PS-03-05-18","JtPHWuA","重症患者に対する体温管理(体温維持療法を含む)及び栄養管理を理解している。","PS-03-05","JnIAsvM",""
"PS-03-05-19","JtPHWuE","集中治療後症候群について概念を理解している。","PS-03-05","JnIAsvM",""
"PS-03-06-01","JkxnucE","放射線の種類と放射能、これらの性質・定量法・単位について概要を理解している。","PS-03-06","JnIAsvU","E-06-01-na-01"
"PS-03-06-02","JkxnucI","内部被ばくと外部被ばくについて、線量評価やその病態、症候、診断と治療について概要を理解している。","PS-03-06","JnIAsvU","E-06-01-na-02, E-06-04-na-01"
"PS-03-06-03","JkxnucM","放射線及び電磁波の人体（胎児を含む）への影響（急性影響と晩発影響）と適切な利用法について理解している。","PS-03-06","JnIAsvU","E-06-01-na-03"
"PS-03-06-04","JkxnucQ","種々の正常組織の放射線の透過性や放射線感受性の違いについて理解している。","PS-03-06","JnIAsvU","E-06-01-na-04"
"PS-03-06-05","JkxnucU","磁気共鳴画像で用いられている磁場や電磁波の特徴を理解し、人体や植え込みデバイスの発熱等の現象について理解している。","PS-03-06","JnIAsvU","E-06-01-na-05"
"PS-03-06-06","Jkxnucc","医療被ばく・職業被ばくも含めた放射線被ばく低減の３原則と安全管理を理解し、放射線を用いる画像検査と処置(エックス線撮影、CT、血管造影及びインターベンショナルラジオロジー、エックス線透視等)の被ばく軽減を実行できる。","PS-03-06","JnIAsvU","E-06-01-na-07, E-06-02-na-01, E-06-02-na-04"
"PS-03-06-07","Jkxnuck","放射線診断や血管造影及びインターベンショナルラジオロジー等の利益とコスト･リスク(被ばく線量、急性・晩発影響等)を知り、適応の有無を判断できる。","PS-03-06","JnIAsvU","E-06-02-na-02"
"PS-03-06-08","Jkxnuco","放射線治療の生物学的原理と、放射線の遺伝子・細胞への作用と放射線による細胞死の機序、局所的・全身的影響について概要を理解している。","PS-03-06","JnIAsvU","E-06-02-na-03, E-06-01-na-06"
"IT-01-01-01","Jkxiflk","情報・科学技術を医療に活用することの重要性と社会的意義を理解している。","IT-01-01","JnIBpxU",""
"IT-01-01-02","Jkxiflo","医療における情報・科学技術に関連する規制（法律、ガイドライン等）の概要を理解している。","IT-01-01","JnIBpxU",""
"IT-01-01-03","Jkxifls","デジタル情報や科学技術の活用における社会的格差が医療や福祉にもたらす影響や倫理的問題を議論できる。","IT-01-01","JnIBpxU",""
"IT-01-02-01","Jkxiflw","電子カルテをはじめとする医療情報の管理・保管の原則について理解し、関連する規制（法律、倫理基準、個人情報保護のための規定等）を遵守できる。","IT-01-02","JnIBpxY","B-02-02-na-01,F-03-03-na-04"
"IT-01-02-02","Jkxifl0","ソーシャルメディア(インターネット、SNS等)の利用において、医療者として相応しい情報発信の在り方を理解し、実践できる","IT-01-02","JnIBpxY","新規"
"IT-02-01-01","Jkxifl4","情報端末（コンピューター、スマートフォン等）を用いてインターネットやアプリ等を医療の実践に活用できる。","IT-02-01","JnIBpxc",""
"IT-02-01-02","Jkxifl8","情報・科学技術を用いて収集した情報およびデータを基に問題解決を図る。","IT-02-01","JnIBpxc",""
"IT-02-02-01","JkxifmA","医療に関連する情報・科学技術（医療情報システム、ウェアラブルデバイス、アプリ、人工知能、遠隔医療技術、IoT等）を理解し、それらの応用可能性について議論できる。","IT-02-02","JnIBpxg",""
"IT-02-02-02","Jkzptx8","情報・科学技術の専門家とともに、技術を医療へ応用する際に、医療者に求められる役割を理解している。","IT-02-02","JnIBpxg",""
"IT-03-01-01","JkxifmI","電子カルテの特性を踏まえた適切な記載や活用ができる。","IT-03-01","JnIBpxk","B-02-02-na-04"
"IT-03-01-02","JkxifmM","遠隔コミュニケーションの在り方を理解し、その目的に応じて適切なツール（電子メール、テレビ会議システム、SNS等）を選択し利用できる。","IT-03-01","JnIBpxk",""
"IT-03-02-01","JkxifmQ","自己学習や協同学習の場に適切なICT（eラーニング、モバイル技術等）を活用できる。","IT-03-02","JnIBpxs",""
"IT-03-02-02","JkzptyA","新たに登場する情報・科学技術を自身の学び及び医療に活用する柔軟性を有する。","IT-03-02","JnIBpxs",""
"CS-01-01-01","Jkxirsc","医療面接における基本的コミュニケーション技法を用いることができる。","CS-01-01","JnICVTo","F-03-02-na-02"
"CS-01-01-02","Jkxirsg","病歴（主訴、現病歴、常用薬、アレルギー歴、既往歴、家族歴、嗜好、生活習慣、社会歴・職業歴、生活環境、家庭環境、海外渡航歴、システムレビュー）を聴き取り、情報を取捨選択し整理できる。","CS-01-01","JnICVTo","F-03-02-na-03,A-03-01-na-01"
"CS-01-01-03","Jkxirso","患者に関わる人達から必要な情報を得ることができる。","CS-01-01","JnICVTo","F-03-05-08-04,G-04-01-03-04"
"CS-01-02-01","Jkxirss","患者の状態に応じた診察ができる。","CS-01-02","JnICVTs","F-03-05-01-06,F-03-05-01-02,F-03-05-01-03,F-03-05-01-05,F-03-05-01-01"
"CS-01-02-02","Jkxirs8","全身の外観（体型、栄養、姿勢、歩行、顔貌、皮膚、発声）を評価できる。","CS-01-02","JnICVTs","F-03-05-02-07,F-03-05-02-01"
"CS-01-02-03","Jkxirs0","バイタルサイン（体温、脈拍、血圧、呼吸数、酸素飽和度）の測定ができる。","CS-01-02","JnICVTs","F-02-09-02-02,F-03-05-02-05,F-03-05-02-04,F-03-05-02-02,F-03-05-02-06,F-03-06-02-05,F-03-05-02-03"
"CS-01-02-04","Jkxirs4","適切な体位（立位、座位、半座位、臥位、砕石位）で診察できる。","CS-01-02","JnICVTs","F-03-02-na-04"
"CS-01-02-05","Jm6NdFA","部位毎の身体診察([@tbl:physical])ができる。","CS-01-02","JnICVTs","F-03-02-na-04"
"CS-01-02-06","Jkxiru4","基本診療科([@tbl:departments])において必要な診察ができる。","CS-01-02","JnICVTs","G-04-02-01-04,G-04-02-02-04,G-04-02-03-04,G-04-02-04-04,G-04-02-05-04,G-04-02-06-04,G-04-02-07-04,G-04-02-08-04,G-04-02-09-04,G-04-02-10-04,G-04-02-11-04,G-04-02-13-03,G-04-02-14-04,G-04-02-15-04,G-04-01-01-05,G-04-01-03-06,F-03-05-08-06,G-04-01-04-06"
"CS-02-01-01","Jkxiru8","適切に患者の情報を収集し、問題志向型医療記録を作成できる。","CS-02-01","JnICVT0","F-03-03-na-01,G-03-01-na-16,A-03-01-na-04"
"CS-02-01-02","JkxirvA","診療経過を主観的所見・客観的所見・評価・計画で記載できる。","CS-02-01","JnICVT0","F-03-03-na-02"
"CS-02-01-03","JkxirvE","過去の診療経過をまとめて診療録に記載できる。","CS-02-01","JnICVT0","新規"
"CS-02-02-01","JkxirvI","主要症候([@tbl:symptoms])について原因と病態生理を理解している。","CS-02-02","JnICVT8","F-01-01-na-01,F-01-02-na-01,F-01-03-na-01,F-01-04-na-01,F-01-05-na-01,F-01-06-na-01,F-01-07-na-01,F-01-08-na-01,F-01-09-na-01,F-01-10-na-01,F-01-11-na-01,F-01-12-na-01,F-01-13-na-01,F-01-14-na-01,F-01-15-na-01,F-01-16-na-01,F-01-17-na-01,F-01-18-na-01,F-01-19-na-01,F-01-20-na-01,F-01-21-na-01,F-01-22-na-01,F-01-23-na-01,F-01-24-na-01,F-01-25-na-01,F-01-26-na-01,F-01-27-na-01,F-01-28-na-01,F-01-29-na-01,F-01-30-na-01,F-01-31-na-01,F-01-32-na-01,F-01-33-na-01,F-01-34-na-01,F-01-35-na-01,F-01-36-na-01,F-01-37-na-01,F-03-01-na-04,G-04-01-03-01"
"CS-02-02-02","JkxirvM","主要症候([@tbl:symptoms])について鑑別診断を検討し、診断の要点を説明できる。","CS-02-02","JnICVT8","F-01-01-na-02,F-01-02-na-02,F-01-03-na-02,F-01-04-na-02,F-01-05-na-02,F-01-06-na-02,F-01-07-na-02,F-01-08-na-02,F-01-09-na-02,F-01-10-na-02,F-01-11-na-02,F-01-12-na-02,F-01-13-na-02,F-01-14-na-02,F-01-15-na-02,F-01-16-na-02,F-01-17-na-02,F-01-18-na-02,F-01-19-na-02,F-01-20-na-02,F-01-21-na-02,F-01-22-na-02,F-01-23-na-02,F-01-24-na-02,F-01-25-na-02,F-01-26-na-02,F-01-27-na-02,F-01-28-na-02,F-01-29-na-02,F-01-30-na-02,F-01-31-na-02,F-01-32-na-02,F-01-33-na-02,F-01-34-na-02,F-01-35-na-02,F-01-36-na-02,F-01-37-na-02,G-02-01-na-01,G-02-01-na-02,G-02-01-na-03,G-02-01-na-04,G-02-01-na-05,G-02-01-na-06,G-02-01-na-07,G-02-01-na-08,G-02-02-na-01,G-02-02-na-02,G-02-02-na-03,G-02-02-na-04,G-02-02-na-05,G-02-02-na-06,G-02-02-na-07,G-02-02-na-08,G-02-02-na-09,G-02-02-na-10,G-02-03-na-01,G-02-03-na-02,G-02-03-na-03,G-02-03-na-04,G-02-03-na-05,G-02-04-na-01,G-02-04-na-02,G-02-04-na-03,G-02-04-na-04,G-02-04-na-05,G-02-04-na-06,G-02-04-na-07,G-02-04-na-08,G-02-04-na-09,G-02-04-na-10,G-02-04-na-11,G-02-05-na-01,G-02-05-na-02,G-02-05-na-03,G-02-05-na-04,G-02-05-na-05,G-02-05-na-06,G-02-05-na-07,G-02-05-na-08,G-02-05-na-09,G-02-05-na-10,G-02-05-na-11,G-02-06-na-01,G-02-06-na-02,G-02-06-na-03,G-02-06-na-04,G-02-06-na-05,G-02-06-na-06,G-02-06-na-07,G-02-06-na-08,G-02-06-na-09,G-02-06-na-10,G-02-06-na-11,G-02-07-na-01,G-02-07-na-02,G-02-07-na-03,G-02-07-na-04,G-02-07-na-05,G-02-07-na-06,G-02-07-na-07,G-02-07-na-08,G-02-07-na-09,G-02-08-na-01,G-02-08-na-02,G-02-08-na-03,G-02-08-na-04,G-02-08-na-05,G-02-08-na-06,G-02-09-na-01,G-02-09-na-02,G-02-09-na-03,G-02-09-na-04,G-02-09-na-05,G-02-09-na-06,G-02-09-na-07,G-02-10-na-01,G-02-10-na-02,G-02-10-na-03,G-02-10-na-04,G-02-10-na-05,G-02-10-na-06,G-02-11-na-01,G-02-11-na-02,G-02-11-na-03,G-02-11-na-04,G-02-11-na-05,G-02-11-na-06,G-02-12-na-01,G-02-12-na-02,G-02-12-na-03,G-02-12-na-04,G-02-12-na-05,G-02-12-na-06,G-02-12-na-07,G-02-13-na-01,G-02-13-na-02,G-02-13-na-03,G-02-13-na-04,G-02-13-na-05,G-02-13-na-06,G-02-13-na-07,G-02-14-na-01,G-02-14-na-02,G-02-14-na-03,G-02-14-na-04,G-02-14-na-05,G-02-14-na-06,G-02-15-na-01,G-02-15-na-02,G-02-15-na-03,G-02-15-na-04,G-02-15-na-05,G-02-15-na-06,G-02-15-na-07,G-02-15-na-08,G-02-16-na-01,G-02-16-na-02,G-02-16-na-03,G-02-16-na-04,G-02-16-na-05,G-02-17-na-01,G-02-17-na-02,G-02-17-na-03,G-02-18-na-01,G-02-18-na-02,G-02-18-na-03,G-02-18-na-04,G-02-18-na-05,G-02-18-na-06,G-02-18-na-07,G-02-18-na-08,G-02-18-na-09,G-02-19-na-01,G-02-19-na-02,G-02-19-na-03,G-02-19-na-04,G-02-19-na-05,G-02-19-na-06,G-02-19-na-07,G-02-20-na-01,G-02-20-na-02,G-02-20-na-03,G-02-20-na-04,G-02-20-na-05,G-02-20-na-06,G-02-20-na-07,G-02-20-na-08,G-02-20-na-09,G-02-20-na-10,G-02-20-na-11,G-02-20-na-12,G-02-20-na-13,G-02-21-na-01,G-02-21-na-02,G-02-21-na-03,G-02-21-na-04,G-02-21-na-05,G-02-21-na-06,G-02-21-na-07,G-02-21-na-08,G-02-21-na-09,G-02-22-na-01,G-02-22-na-02,G-02-22-na-03,G-02-22-na-04,G-02-22-na-05,G-02-22-na-06,G-02-22-na-07,G-02-22-na-08,G-02-23-na-01,G-02-23-na-02,G-02-23-na-03,G-02-23-na-04,G-02-23-na-05,G-02-23-na-06,G-02-23-na-07,G-02-23-na-08,G-02-23-na-09,G-02-24-na-01,G-02-24-na-02,G-02-24-na-03,G-02-24-na-04,G-02-24-na-05,G-02-24-na-06,G-02-25-na-01,G-02-25-na-02,G-02-25-na-03,G-02-25-na-04,G-02-25-na-05,G-02-25-na-06,G-02-25-na-07,G-02-26-na-01,G-02-26-na-02,G-02-26-na-03,G-02-26-na-04,G-02-26-na-05,G-02-26-na-06,G-02-26-na-07,G-02-26-na-08,G-02-27-na-01,G-02-27-na-02,G-02-27-na-03,G-02-27-na-04,G-02-27-na-05,G-02-27-na-06,G-02-28-na-01,G-02-28-na-02,G-02-28-na-03,G-02-28-na-04,G-02-28-na-05,G-02-28-na-06,G-02-28-na-07,G-02-29-na-01,G-02-29-na-02,G-02-29-na-03,G-02-29-na-04,G-02-29-na-05,G-02-29-na-06,G-02-29-na-07,G-02-30-na-01,G-02-30-na-02,G-02-30-na-03,G-02-30-na-04,G-02-30-na-05,G-02-31-na-01,G-02-31-na-02,G-02-31-na-03,G-02-31-na-04,G-02-31-na-05,G-02-31-na-06,G-02-31-na-07,G-02-31-na-08,G-02-31-na-09,G-02-32-na-01,G-02-32-na-02,G-02-32-na-03,G-02-32-na-04,G-02-33-na-01,G-02-33-na-02,G-02-33-na-03,G-02-33-na-04,G-02-33-na-05,G-02-33-na-06,G-02-33-na-07,G-02-34-na-01,G-02-34-na-02,G-02-34-na-03,G-02-34-na-04,G-02-34-na-05,G-02-34-na-06,G-02-34-na-07,G-02-34-na-08,G-02-34-na-09,G-02-34-na-10,G-02-35-na-01,G-02-35-na-02,G-02-35-na-03,G-02-35-na-04,G-02-35-na-05,G-02-35-na-06,G-02-35-na-07,G-02-35-na-08,G-02-35-na-09,G-02-35-na-10,G-02-36-na-01,G-02-36-na-02,G-02-36-na-03,G-02-37-na-01,G-02-37-na-02,G-02-37-na-03,G-02-37-na-04,G-02-37-na-05,G-02-37-na-06,G-02-37-na-07,G-02-37-na-08,G-02-37-na-09,G-04-01-07-02"
"CS-02-02-03","Jkxirvg","基本診療科([@tbl:departments])で主訴からの診断推論を組み立てられる。","CS-02-02","JnICVT8","F-03-05-08-01,G-04-01-01-01,G-04-01-03-01,G-04-01-04-03,G-04-01-05-01,G-04-02-01-01,G-04-02-02-01,G-04-02-03-01,G-04-02-04-01,G-04-02-05-01,G-04-02-06-01,G-04-02-07-01,G-04-02-08-01,G-04-02-09-01,G-04-02-10-01,G-04-02-11-01,G-04-02-12-01,G-04-02-14-01,G-04-02-15-01"
"CS-02-02-04","Jkxirvk","基本診療科([@tbl:departments])における疾患の病態や疫学を理解している。","CS-02-02","JnICVT8","F-03-05-08-02,G-04-01-01-02,G-04-01-03-02,G-04-01-04-04,G-04-01-05-02,G-04-02-01-02,G-04-02-02-02,G-04-02-03-02,G-04-02-04-02,G-04-02-05-02,G-04-02-06-02,G-04-02-07-02,G-04-02-08-02,G-04-02-09-02,G-04-02-10-02,G-04-02-11-02,G-04-02-13-01,G-04-02-14-02,G-04-02-15-02"
"CS-02-03-01","JkxirwI","主要な臨床・画像検査([@tbl:labo])の目的と意義を理解し、診断仮説の検証に最低限必要な検査項目を選択して、結果を解釈できる。","CS-02-03","JnICVUA","F-02-03-na-01"
"CS-02-03-02","JkxirwM","主要な臨床・画像検査([@tbl:labo])の正しい検体採取方法と検体保存方法を理解している。","CS-02-03","JnICVUA","F-02-03-na-02"
"CS-02-03-03","JkxirwQ","主要な臨床・画像検査([@tbl:labo])の安全な実施方法（患者確認と検体確認、検査の合併症、感染症予防、精度管理）を理解している。","CS-02-03","JnICVUA","F-02-03-na-03"
"CS-02-03-04","JkxirxE","主要な臨床・画像検査([@tbl:labo])の特性（感度、特異度、偽陽性、偽陰性、検査前確率・検査後確率、尤度比、ROC曲線）と判定基準（基準値・基準範囲、カットオフ値、パニック値）を理解している。","CS-02-03","JnICVUA","F-02-03-na-04,F-02-03-na-07,F-03-04-na-01"
"CS-02-03-05","JkxirxI","主要な臨床・画像検査([@tbl:labo])の生理的変動、測定誤差、精度管理、ヒューマンエラーについて理解している。","CS-02-03","JnICVUA","F-02-03-na-05"
"CS-02-03-06","JkxirxM","患者に応じた検査値特性を理解し、結果を解釈できる。","CS-02-03","JnICVUA","F-02-03-na-06"
"CS-02-03-07","Jm6NdFI","主要な臨床・画像検査([@tbl:labo])の目的と適応を理解し、解釈できる。","CS-02-03","JnICVUA","F-02-03-na-08,F-02-03-na-11,F-02-13-na-02,F-02-03-na-14,G-03-02-na-04,F-02-03-na-13,F-02-03-na-15,F-02-03-na-10,F-02-04-na-03,F-02-04-na-04,F-02-04-na-01,F-02-03-na-09,F-02-03-na-12,F-02-07-na-01,F-02-07-na-02,F-02-07-na-05,F-02-05-na-01,F-02-05-na-02,F-02-06-na-01,F-02-06-na-02"
"CS-02-04-01","Jkxirx0","主要症候([@tbl:symptoms])について初期対応を計画し、専門的診療が必要かどうかを考えることができる。","CS-02-04","JnICVUI","F-01-01-na-03,F-01-02-na-03,F-01-03-na-03,F-01-04-na-03,F-01-05-na-03,F-01-06-na-03,F-01-07-na-03,F-01-08-na-03,F-01-09-na-03,F-01-10-na-03,F-01-11-na-03,F-01-12-na-03,F-01-13-na-03,F-01-14-na-03,F-01-15-na-03,F-01-16-na-03,F-01-17-na-03,F-01-18-na-03,F-01-19-na-03,F-01-20-na-03,F-01-21-na-03,F-01-22-na-03,F-01-23-na-03,F-01-24-na-03,F-01-25-na-03,F-01-26-na-03,F-01-27-na-03,F-01-28-na-03,F-01-29-na-03,F-01-30-na-03,F-01-31-na-03,F-01-32-na-03,F-01-33-na-03,F-01-34-na-03,F-01-35-na-03,F-01-36-na-03,F-01-37-na-03,F-03-01-na-04"
"CS-02-04-02","Jkxiry4","服薬の基本・アドヒアランスについて理解している。","CS-02-04","JnICVUI","F-02-08-na-11"
"CS-02-04-03","Jmicn1A","処方箋の下書きを作成できる。","CS-02-04","JnICVUI","B-02-02-na-02"
"CS-02-04-04","JkxiryY","薬の薬理作用、適応、有害事象、投与時の注意事項について理解している。","CS-02-04","JnICVUI","F-02-08-na-04,B-03-01-na-04,B-03-01-na-05"
"CS-02-04-05","Jkxiryw","年齢や臓器障害に応じた薬物動態の特徴を考慮した薬剤投与の注意点について理解している。","CS-02-04","JnICVUI","F-02-08-na-09"
"CS-02-04-06","Jkxiry0","薬物動態的相互作用について理解している。","CS-02-04","JnICVUI","F-02-08-na-10"
"CS-02-04-07","JkxirzE","使用禁忌、特定条件下での薬物使用（アンチ・ドーピング等）について理解している。","CS-02-04","JnICVUI","F-02-08-na-14"
"CS-02-04-08","JkxiryU","主な薬物アレルギーの症候、診察、診断、予防策と対処法について理解している。","CS-02-04","JnICVUI","F-02-08-na-02"
"CS-02-04-09","JkxiryQ","薬物の蓄積、耐性、タキフィラキシー、依存の概要を理解している。","CS-02-04","JnICVUI","F-02-08-na-01,"
"CS-02-04-10","Jkxiryg","抗腫瘍薬の適応、有害事象、投与時の注意事項について理解している。","CS-02-04","JnICVUI","F-02-08-na-06"
"CS-02-04-11","Jkxiryc","抗微生物薬の薬理作用、適応、有害事象、投与時の注意事項について理解している。","CS-02-04","JnICVUI","F-02-08-na-05"
"CS-02-04-12","Jkxiryo","オピオイド鎮痛薬・鎮静薬の適応、有害事象、投与時の注意事項について理解している。","CS-02-04","JnICVUI","F-02-08-na-07,F-02-16-na-05"
"CS-02-04-13","Jkxiry8","分子標的薬・バイオ医薬の薬理作用と有害事象の概要を理解している。","CS-02-04","JnICVUI","F-02-08-na-12"
"CS-02-04-14","JkxirzA","漢方医学の特徴、主な和漢薬（漢方薬）の適応、薬理作用について概要を理解している。","CS-02-04","JnICVUI","F-02-08-na-13"
"CS-02-04-15","Jkxirx8","主な放射線治療法の適応の概要を理解している。","CS-02-04","JnICVUI","F-02-05-na-03,F-02-05-na-04"
"CS-02-04-16","JkxiryE","インターベンショナルラジオロジーについて概要を理解している。","CS-02-04","JnICVUI","F-02-05-na-05"
"CS-02-04-17","JkxiryI","内視鏡を用いる治療の概要を理解している。","CS-02-04","JnICVUI","F-02-06-na-03"
"CS-02-04-18","JkxiryM","超音波を用いる治療の概要を理解している。","CS-02-04","JnICVUI","F-02-07-na-04"
"CS-02-04-19","JkxirzU","被覆材の種類と適応、効果について理解している。","CS-02-04","JnICVUI","F-02-09-01-05,F-02-09-01-04"
"CS-02-04-20","JkxirzY","外科的治療の適応と合併症について理解している。","CS-02-04","JnICVUI","F-02-09-01-06"
"CS-02-04-21","Jkxirzc","手術の危険因子とその対応の基本について理解している。","CS-02-04","JnICVUI","F-02-09-02-01"
"CS-02-04-22","Jkxirzg","主な術後合併症とその予防の基本について理解している。","CS-02-04","JnICVUI","F-02-09-02-03"
"CS-02-04-23","Jkxirzk","手術および侵襲的処置に関するインフォームド・コンセントの注意点について理解している。","CS-02-04","JnICVUI","F-02-09-02-04"
"CS-02-04-24","Jkxirzo","周術期における事前のリスク評価について理解している。","CS-02-04","JnICVUI","F-02-09-02-05"
"CS-02-04-25","Jkxirzs","周術期における主な薬剤の服薬管理（継続、中止等）の必要性とそれに伴うリスクについて理解している。","CS-02-04","JnICVUI","F-02-09-02-06"
"CS-02-04-26","Jkxirzw","周術期における輸液・輸血について理解している。","CS-02-04","JnICVUI","F-02-09-02-07"
"CS-02-04-27","Jkxirz0","周術期における疼痛の管理について理解している。","CS-02-04","JnICVUI","F-02-09-02-08"
"CS-02-04-28","Jkxir0Q","局所麻酔、末梢神経ブロック、神経叢ブロック、脊髄くも膜下麻酔、硬膜外麻酔の適応、禁忌と合併症について概要を理解している。","CS-02-04","JnICVUI","F-02-10-na-06,F-02-10-na-01"
"CS-02-04-29","Jkxir0E","麻酔管理を安全に行うための術前評価について概要を理解している。","CS-02-04","JnICVUI","F-02-10-na-02"
"CS-02-04-30","Jkxir0U","安全な麻酔のためのモニタリングの方法、重要な異常所見と対処法について概要を理解している。","CS-02-04","JnICVUI","F-02-10-na-07"
"CS-02-04-31","Jkxir0I","麻酔薬と筋弛緩薬の種類と使用上の原則について理解している。","CS-02-04","JnICVUI","F-02-10-na-03"
"CS-02-04-32","Jkxir0M","吸入麻酔と静脈麻酔の適応、禁忌、方法、事故と合併症について理解している。","CS-02-04","JnICVUI","F-02-10-na-04"
"CS-02-04-33","JtPHhOM","気管挿管を含む各種の気道確保法を理解している。","CS-02-04","JnICVUI",""
"CS-02-04-34","Jkxir0g","栄養アセスメント、栄養ケア・マネジメント、栄養サポートチーム、疾患別の栄養療法について理解している。","CS-02-04","JnICVUI","F-02-11-na-02"
"CS-02-04-35","Jkxir0o","経静脈栄養と経管・経腸栄養の適応、方法と合併症、長期投与時の注意事項について理解している。","CS-02-04","JnICVUI","F-02-11-na-04,F-02-11-na-03"
"CS-02-04-36","Jkxir0w","主な医療機器の種類と原理について概要を理解している。","CS-02-04","JnICVUI","F-02-12-na-01"
"CS-02-04-37","Jkxir00","主な人工臓器の種類と原理について概要を理解している。","CS-02-04","JnICVUI","F-02-12-na-02"
"CS-02-04-38","Jkxir04","血液製剤及び血漿分画製剤の種類と適応について理解している。","CS-02-04","JnICVUI","F-02-13-na-01"
"CS-02-04-39","Jkxir1A","輸血副反応、輸血使用記録保管義務、不適合輸血の防止手順について理解している。","CS-02-04","JnICVUI","F-02-13-na-03"
"CS-02-04-40","Jkxir1E","輸血の適正使用、成分輸血、自己血輸血、緊急時の輸血について理解している。","CS-02-04","JnICVUI","F-02-13-na-04"
"CS-02-04-41","Jkxir1I","移植医療（臓器移植、組織移植、造血幹細胞移植等）の我が国と世界の状況について概要を理解している。","CS-02-04","JnICVUI","F-02-13-na-05"
"CS-02-04-42","Jkxir1M","終末期医療における臓器・組織提供選択提示の意義について概要を理解している。","CS-02-04","JnICVUI","F-02-13-na-06"
"CS-02-04-43","Jkxir1Q","移植における免疫応答（拒絶反応、移植片対宿主病）について理解している。","CS-02-04","JnICVUI","F-02-13-na-07"
"CS-02-04-44","Jkxir1U","移植後の免疫抑制について概要を理解している。","CS-02-04","JnICVUI","F-02-13-na-08"
"CS-02-04-45","Jkxir1Y","リハビリテーションの概念と適応について理解している。","CS-02-04","JnICVUI","F-02-14-na-01,F-02-14-na-03"
"CS-02-04-46","Jkxir1g","機能障害と日常生活動作の評価ができる。","CS-02-04","JnICVUI","F-02-14-na-05"
"CS-02-04-47","Jkxir1k","理学療法、作業療法と言語聴覚療法について概要を理解している。","CS-02-04","JnICVUI","F-02-14-na-06,F-02-14-na-02"
"CS-02-04-48","Jkxir1o","主な歩行補助具、車椅子、義肢（義手、義足）と装具について概要を理解している。","CS-02-04","JnICVUI","F-02-14-na-07"
"CS-02-04-49","Jkxir20","基本診療科([@tbl:departments])の基本的な治療計画を立案できる。","CS-02-04","JnICVUI","F-03-05-08-03,G-04-01-01-03,G-04-01-03-03,G-04-02-01-03,G-04-02-02-03,G-04-02-03-03,G-04-02-04-03,G-04-02-05-03,G-04-02-06-03,G-04-02-07-03,G-04-02-08-03,G-04-02-09-03,G-04-02-10-03,G-04-02-11-03,G-04-02-13-02,G-04-02-14-03,G-04-02-15-03"
"CS-02-05-01","Jkxir28","代表的な疾患における患者指導の計画を立案できる。","CS-02-05","JnICVUM",""
"CS-03-01-01","Jkxir3E","検査に関する基本的臨床手技([@tbl:skills])を実施できる。","CS-03-01","JnICVUU","F-03-06-01-01,F-03-06-01-02,F-03-06-02-01,F-03-06-02-02,F-03-06-02-03,F-03-06-02-04,G-03-01-na-05,G-03-01-na-08,G-03-01-na-09,G-03-02-na-01,G-03-02-na-02,G-03-02-na-03,G-03-02-na-04,G-03-02-na-05,G-03-02-na-06,G-03-02-na-07,G-03-02-na-08,G-03-02-na-09,G-03-02-na-10,G-03-02-na-11,G-03-02-na-12,G-03-03-na-01,A-03-01-na-03"
"CS-03-02-01","Jkxir3I","治療に関する基本的臨床手技([@tbl:skills])を実施できる。","CS-03-02","JnICVUY","G-03-01-na-01,G-03-01-na-06,F-03-06-03-01,F-03-06-03-02,F-03-06-03-03,G-03-01-na-02,G-03-01-na-03,G-03-01-na-04,G-03-01-na-07,G-03-01-na-10,G-03-01-na-11,G-03-01-na-12,G-03-01-na-13,G-03-01-na-14,G-03-01-na-15,G-03-03-na-02,G-03-03-na-03,G-03-03-na-04,G-03-03-na-05,G-03-03-na-06,G-04-01-02-04,G-04-01-02-05,G-04-01-04-01,G-04-01-05-03,G-04-01-05-04,A-03-01-na-03"
"CS-03-03-01","Jkxir3Q","バイタルサインや身体徴候から緊急性の高い状態にある患者を認識できる。","CS-03-03","JnICVUg","G-03-04-na-01,F-02-09-02-02,F-03-06-04-01,A-03-01-na-06,B-02-02-na-03"
"CS-03-03-02","Jkxir3U","一次救命処置を実施できる。","CS-03-03","JnICVUg","G-03-04-na-02,F-03-06-04-02,G-04-01-07-01,A-03-01-na-06"
"CS-03-03-03","Jkxir3Y","頻度や緊急性の高い患者に対する初期対応（二次救命処置を含む）の実施を補助できる。","CS-03-03","JnICVUg","G-03-04-na-03,G-04-01-07-01,F-02-10-na-05,A-03-01-na-06"
"CS-03-03-04","Jkxir3k","外傷の初期対応の実施を補助できる。","CS-03-03","JnICVUg","G-02-37-na-01,G-02-37-na-02, G-02-37-na-03, G-02-37-na-04, G-02-37-na-05, G-02-37-na-06, G-02-37-na-07, G-02-37-na-08, G-02-37-na-09,F-01-37-na-02,F-01-37-na-03,A-03-01-na-06"
"CS-03-03-05","Jkxirvw","アナフィラキシーショックの対応を補助できる。","CS-03-03","JnICVUg","F-02-08-na-03"
"CS-03-04-01","Jkxir3o","各種診断書・証明書、診療情報提供書の下書きを作成できる。","CS-03-04","JnICVUk","G-03-01-na-17,B-02-02-na-03"
"CS-03-04-02","Jkxir3s","各種検案書の下書きを作成できる。","CS-03-04","JnICVUk","G-03-01-na-17"
"CS-03-05-01","Jkxir4Q","基本診療科([@tbl:departments])にどのようにコンサルテーションすればよいかを理解している。","CS-03-05","JnICVUo","F-03-05-08-07,G-04-01-01-06,G-04-01-02-06,G-04-01-03-07,G-04-01-04-07,G-04-01-05-05,G-04-02-01-05,G-04-02-02-05,G-04-02-03-05,G-04-02-04-05,G-04-02-05-05,G-04-02-06-05,G-04-02-07-05,G-04-02-08-05,G-04-02-09-05,G-04-02-10-05,G-04-02-11-05,G-04-02-13-04,G-04-02-14-05,G-04-02-15-05"
"CS-03-05-02","Jkxir40","褥瘡の予防、評価、処置・治療について理解している。","CS-03-05","JnICVUo","F-02-15-na-03"
"CS-03-06-01","Jkxir48","症例検討会において適切にプレゼンテーションできる。","CS-03-06","JnICVUs","F-03-03-na-03,"
"CS-03-06-02","Jkxir5E","診察で得た情報を上級医にわかりやすく報告できる。","CS-03-06","JnICVUs","F-03-02-na-05,A-03-01-na-05"
"CS-04-01-01","Jkxir5I","M&Mカンファレンスに参加して自身の意見を述べることができる。","CS-04-01","JnICVU0",""
"CS-04-01-02","Jkxir5M","CPCに参加して自身の意見を述べることができる。","CS-04-01","JnICVU0",""
"CS-05-01-01","JkxoFEA","品質改善の手法を用いて医療を改善する重要性を理解し、繰り返し評価する姿勢を身に付ける。","CS-05-01","JnICVU4",""
"CS-05-02-01","JkxoFEE","医療従事者に求められる健康管理（生活習慣改善、予防接種、被ばく低減策）、職業感染対策（結核スクリーニング、ワクチン接種）を実践する。","CS-05-02","JnICVVA","A-06-03-na-01,A-06-03-na-04"
"CS-05-02-02","JkxoFEM","自身を含む医療者の労働環境の改善の必要性を理解し、実際の医療現場において改善に努めることができる。","CS-05-02","JnICVVA","A-06-03-na-05"
"CS-05-03-01","JkxoFD4","患者安全のための管理体制と各々の役割（リスクマネージャー、医療安全管理委員会等）の概要を理解している。","CS-05-03","JnICVVE","A-06-01-na-06,B-01-08-na-05"
"CS-05-03-02","JlBpVX0","医療過誤に関連した刑事・民事責任や医師法に基づく行政処分を理解している。","CS-05-03","JnICVVE","A-06-02-na-03"
"CS-05-04-01","JkxoFD8","医療関連感染症に関連したシステム（院内感染対策委員会、院内感染サーベイランス、感染制御チーム、感染対策マニュアル等)の役割や意義を理解して参加する。","CS-05-04","JnICVVM","A-06-01-na-07"
"CS-05-04-02","JkxoFEI","標準予防策（スタンダード・プリコーション）の必要性を説明し、実践できる。","CS-05-04","JnICVVM","A-06-03-na-02,F-03-06-01-03,F-03-05-01-04"
"CS-05-04-03","JlBpVX4","針刺切創、体液暴露等に遭遇した際、適切に対処できる。","CS-05-04","JnICVVM","A-06-03-na-04"
"CS-05-05-01","JlBpVX8","基本的予防策（患者確認、ダブルチェック、チェックリスト法、類似名称薬への注意喚起、フェイルセイフやフールプルーフの考え方等）を実践できる。","CS-05-05","JnICVVQ","A-06-02-na-04"
"CS-05-05-02","JkxoFD0","医療の安全性に関する情報（薬剤等の副作用、薬害、転倒・転落、医療過誤、やってはいけないこと、優れた取組事例等）を共有し、事後に役立てるための分析ができる。","CS-05-05","JnICVVQ","A-06-01-na-04"
"CS-05-06-01","JkxoFDo","個人及び組織における患者安全管理の重要性を理解し、行動できる。","CS-05-06","JnICVVY","A-06-01-na-02"
"CS-05-06-02","JkxoFDs","診療録の重要性を理解し、適切に記載し取り扱うことができる。","CS-05-06","JnICVVY","A-06-01-na-03"
"CS-05-06-03","JlBpRvs","真摯に疑義に応じることができる。","CS-05-06","JnICVVY","A-06-01-na-08"
"CS-05-06-04","JlBpRvw","インシデントが発生した際に、緊急対応や記録、報告できる。","CS-05-06","JnICVVY","A-06-02-na-01,A-06-02-na-02"
"CM-01-01-01","Jli9Pdc","言語的コミュニケーション技能を発揮して、良好な人間関係を築くことができる。","CM-01-01","JnICfjk","A-04-01-na-01,A-04-01-na-02,F-03-02-na-01, C-05-07-na-05"
"CM-01-01-02","Jli9Pdk","非言語的コミュニケーション（身だしなみ、視線、表情、ジェスチャー等）を意識できる。","CM-01-01","JnICfjk","A-04-01-na-01,F-03-02-na-01, C-05-07-na-05"
"CM-01-01-03","JkxhhVw","患者や家族に敬意を持った言葉遣いや態度で接することができる。","CM-01-01","JnICfjk","A-04-01-na-02, C-05-07-na-05"
"CM-01-01-04","JkxhhVs","対人関係に関わる心理的要因（陽性感情・陰性感情等）を認識しながらコミュニケーションをとることができる。","CM-01-01","JnICfjk","C-05-07-na-01, C-05-07-na-05"
"CM-01-01-05","JkxhhVo","相手の話を聞き、事実や自分の意見を相手にわかるように述べることができる。","CM-01-01","JnICfjk","C-05-07-na-06, C-05-07-na-05"
"CM-01-02-01","JkxhhV4","患者や家族の精神的・身体的・社会的苦痛に十分配慮できる。","CM-01-02","JnICfjs","A-04-02-na-01"
"CM-01-02-02","JkxhhWA","患者や家族の話を傾聴し、怒りや悲しみ、不安等の感情を理解し、共感できる。","CM-01-02","JnICfjs","A-04-01-na-03"
"CM-02-01-01","JkxhhWI","患者や家族の多様性（高齢者、小児、障害者、LGBTQ、国籍、人種、文化・言語・慣習の違い等）に配慮してコミュニケーションをとることができる。","CM-02-01","JnICfjw","A-04-02-na-02,A-07-02-na-01,A-01-02-na-04,E-06-02-na-05,E-06-03-na-01,A-07-02-na-02"
"CM-02-01-02","JkxhhWM","患者が理解できるよう、極力専門用語を使わずに、わかりやすく説明できる。","CM-02-01","JnICfjw","E-06-03-na-02,A-01-02-na-04,E-06-02-na-05,E-06-03-na-01"
"CM-02-02-01","JkxhhWQ","患者や家族と情報共有や意見のすり合わせを行い、理解と同意を踏まえた意思決定を支援できる。","CM-02-02","JnICfj4","C-05-08-na-01,F-02-01-na-07,A-01-02-na-04,E-06-02-na-05,E-06-03-na-01"
"CM-02-03-01","JmiwFHw","患者の自己決定を阻害する問題点を理解する。","CM-02-03","JnICfj8","A-01-02-na-02,A-01-02-na-04,E-06-02-na-05,E-06-03-na-01"
"CM-02-03-02","JmiwFH8","患者の経験を尊重し、価値観を明確にできるように傾聴することができる。","CM-02-03","JnICfj8","A-01-03-na-02,A-01-02-na-04,E-06-02-na-05,E-06-03-na-01"
"CM-02-03-03","JmiwFIA","患者の意思決定支援のために、最善のエビデンスをできるだけ専門用語を使わずに、わかりやすく説明することができる。","CM-02-03","JnICfj8","A-01-03-na-03,A-04-02-na-02,A-01-02-na-04,E-06-02-na-05,E-06-03-na-01"
"CM-02-03-04","JmiwFII","患者の価値観に沿った目標に基づいた治療方針を計画することができる。","CM-02-03","JnICfj8","A-01-02-na-03,A-01-02-na-04,E-06-02-na-05,E-06-03-na-01"
"CM-03-01-01","JmiwmlM","患者の心理的及び社会的背景や自立した生活を送るためのニーズを把握することができる。","CM-03-01","JnICfkE","A-04-02-na-03,A-04-02-na-04,A-04-02-na-05,A-04-02-na-06,A-04-02-na-07"
"CM-03-01-02","JmiwmlQ","患者が抱える課題、問題点を抽出・整理できる。","CM-03-01","JnICfkE","A-04-02-na-03,A-04-02-na-04,A-04-02-na-05,A-04-02-na-06,A-04-02-na-07"
"CM-03-01-03","JmiwmlU","患者自身から情報が得られない場合、代理人や保護者等から必要な情報を得ることができる。","CM-03-01","JnICfkE","F-03-05-08-04,A-04-02-na-04,A-04-02-na-05,A-04-02-na-06,A-04-02-na-07"
"CM-03-02-01","JmiwtUk","家族や地域といった視点をもちながら、コミュニケーションをとることができる。","CM-03-02","JnICfkI","G-04-01-06-03,A-04-02-na-04,A-04-02-na-05,A-04-02-na-06,A-04-02-na-07"
"CM-03-02-02","JmiwtUo","心理・社会的背景に配慮した診療に可能な範囲で参加することができる。","CM-03-02","JnICfkI","G-04-01-06-03,A-04-02-na-04,A-04-02-na-05,A-04-02-na-06,A-04-02-na-07"
"CM-03-02-03","JkxhhXA","医療の不確実性を理解した上で適切な行動や態度をとることができる。","CM-03-02","JnICfkI","新規"
"IP-01-01-01","Jkxp2HY","患者・利用者・家族に関連する情報について、多職種及び他の医療系学部の学生と共有できる。","IP-01-01","JnIB3j0",""
"IP-01-02-01","Jkxp2Hg","多職種及び他の医療系学部の学生の役割や意見を尊重した説明や返答、問いかけができる。","IP-01-02","JnIB3kA",""
"IP-01-03-01","Jkxp2Ho","適切な診断・検査・治療のために、適切な施設・専門科・医師への紹介や相談ができる。","IP-01-03","JnIB3kE",""
"IP-01-03-02","Jkxp2Hw","患者のケアと責任が継続できるよう、医師間での考えや期待を共有できる。","IP-01-03","JnIB3kE",""
"IP-02-01-01","Jkxp2H0","自らの知識や価値観を多職種及び他の医療系学部の学生に伝えることができる。","IP-02-01","JnIB3kM",""
"IP-02-01-02","Jkxp2H4","多職種及び他の医療系学部の学生の中で自らの役割を果たすことができる。","IP-02-01","JnIB3kM",""
"IP-02-02-01","Jkxp2IE","多職種及び他の医療系学部の学生と共に学び、成長できる。","IP-02-02","JnIB3kQ","A-05-01-na-03"
"IP-02-02-02","Jkxp2Is","対人関係や対人行動に関わる概念について理解している。","IP-02-02","JnIB3kQ","C-05-07-na-01,C-05-07-na-02,C-05-07-na-03,C-05-07-na-04"
"IP-02-03-01","Jkxp2IQ","医師の役割を多職種及び他の医療系学部の学生に説明できる。","IP-02-03","JnIB3kY","A-05-01-na-04"
"IP-02-03-02","Jk314Eo","自らの価値観や言動について、多職種及び他の医療系学部の学生との関係性の中で、相対化できる。","IP-02-03","JnIB3kY","B-04-01-na-13"
"IP-02-04-01","Jkxp2IY","病院・診療所・施設等の職場環境やチームや部門等の所属に応じた他職種の役割を理解している。","IP-02-04","JnIB3kc","A-05-01-na-02,B-04-01-na-13,A-06-01-na-01"
"SO-01-01-01","JkxoNsc","公衆衛生の概念を理解している。","SO-01-01","JnH_3oE",""
"SO-01-01-02","JlwC0qE","地域共生社会の概念を理解している。","SO-01-01","JnH_3oE",""
"SO-01-01-03","JkxoNsg","予防の段階とそれらの戦略を理解している。","SO-01-01","JnH_3oE","B-01-04-na-05"
"SO-01-01-04","JkxoNsk","公衆衛生活動（健診、健康づくりイベント等）の意義を理解し、役割の一部を担うことができる。","SO-01-01","JnH_3oE",""
"SO-01-02-01","JkxoNso","生存権等の健康に関する基本的人権と社会保障（社会保険、社会福祉、公的扶助）の意義と概要を理解している。","SO-01-02","JnH_3oM",""
"SO-01-02-02","JkxoNsw","国民皆保険としての医療保険、介護保険、年金保険を含む社会保険の仕組みと問題点を理解し、改善策を議論できる。","SO-01-02","JnH_3oM","B-01-08-na-02, B-01-08-na-08, B-01-08-na-09"
"SO-01-02-03","JkxoNs0","障害者の日常生活及び社会生活を総合的に支援するための法律（障害者総合支援法）等の障害者福祉の概要を理解している。","SO-01-02","JnH_3oM","B-01-07-na-01,A-07-01-na-03,B-01-08-na-13"
"SO-01-03-01","JkxoNs4","保健所、市町村保健センター、地方衛生研究所の役割を理解している。","SO-01-03","JnH_3oU","B-01-05-na-01"
"SO-01-03-02","JkxoNs8","健康増進法、栄養、身体活動、休養等の健康増進施策の意義と概要を理解している。","SO-01-03","JnH_3oU","B-01-06-na-04,B-01-07-na-03,B-01-05-na-02,B-01-06-na-04,B-01-07-na-03"
"SO-01-03-03","JkxoNtA","地域保健に関連する基本的な制度や法律を理解している。","SO-01-03","JnH_3oU","B-01-06-na-04,B-01-07-na-03"
"SO-01-03-04","JtPHo-Q","精神保健及び精神障害者福祉の意義及び関連する制度や法律を理解している。","SO-01-03","JnH_3oU",""
"SO-01-03-05","JtPHo-Y","成育基本法、母子保健法、母体保護法、児童福祉法、児童虐待防止法等、母子保健施策の意義と概要を理解している。","SO-01-03","JnH_3oU",""
"SO-01-03-06","JtPHo-c","学校保健安全法、学校医の役割、学校感染症等、学校保健の意義と概要を理解している。","SO-01-03","JnH_3oU",""
"SO-01-04-01","JkxoNtY","産業保健の意義、労働衛生の3管理等、産業保健の基本的な考え方を理解している。","SO-01-04","JnH_3oY","B-01-06-na-04,B-01-08-na-04"
"SO-01-04-02","JkxoNtc","産業保健・環境保健に関連する基本的な制度や法律を理解している。","SO-01-04","JnH_3oY","B-01-08-na-04"
"SO-01-04-03","JkxoNtg","労働災害及び職業性疾病とのその対策を理解している。","SO-01-04","JnH_3oY","B-01-06-na-03"
"SO-01-04-04","JkxoNtk","有害物質による産業中毒とその対策を理解している。","SO-01-04","JnH_3oY","E-05-03-01-02,E-05-03-01-03,E-05-03-01-04"
"SO-01-05-01","JkxoNtw","健康危機の概念と種類、それらへの対応（リスクコミュニケーションを含む）について理解している。","SO-01-05","JnH_3og",""
"SO-01-05-02","JkxoNt4","健康危機管理（感染症、放射線事故、災害等の有事）に関連する基本的な制度や法律を理解している。","SO-01-05","JnH_3og","B-01-08-na-11"
"SO-01-05-03","JkxoNuE","災害拠点病院、種々の活動チーム等、災害保健医療の意義を理解している。","SO-01-05","JnH_3og","G-04-01-07-06,B-01-07-na-06"
"SO-02-01-01","JkxoNuM","主な人口統計（人口静態と人口動態）、疾病・障害の分類・統計（ICD等）を理解している。","SO-02-01","JnH_3ok","B-01-04-na-01"
"SO-02-01-02","JkxoNuQ","平均寿命、健康寿命について説明できる。","SO-02-01","JnH_3ok","B-01-04-na-02"
"SO-02-02-01","JkxoNuY","公衆衛生と臨床の視点から見た疫学の役割を理解している。","SO-02-02","JnH_3os",""
"SO-02-02-02","JkxoNuc","割合・比・率の違い及び代表的な疫学指標（有病割合、リスク比、罹患率等）を理解している。","SO-02-02","JnH_3os","B-01-04-na-03"
"SO-02-02-03","JkxoNug","主なバイアスや交絡を例示できる。","SO-02-02","JnH_3os","B-01-04-na-04"
"SO-02-02-04","JkxoNuk","年齢調整における直接法と間接法の違いを説明できる。","SO-02-02","JnH_3os","B-01-04-na-04"
"SO-02-02-05","JkxoNuo","主な疫学の研究デザインとして、観察研究（記述研究、横断研究、症例対照研究、コホート研究）及び介入研究（ランダム化比較試験等）を理解している。","SO-02-02","JnH_3os","B-01-03-na-03,F-02-02-na-03"
"SO-02-02-06","JkxoNus","急性感染症に特異的な疫学的アプローチを理解している。","SO-02-02","JnH_3os",""
"SO-02-02-07","JkxoNuw","エビデンスの限界を踏まえながら、集団に影響する意思決定を支援できる。","SO-02-02","JnH_3os",""
"SO-02-03-01","JkxoNu0","尺度（間隔、比、順序、名義）について説明できる。","SO-02-03","JnH_3ow",""
"SO-02-03-02","JkxoNu4","データの分布（欠損値を含む）について説明できる。","SO-02-03","JnH_3ow","B-01-01-na-01"
"SO-02-03-03","JkxoNu8","正規分布の母平均の信頼区間について説明できる。","SO-02-03","JnH_3ow","B-01-01-na-03"
"SO-02-03-04","JkxoNvA","相関分析、平均値と割合の検定等を実施できる。","SO-02-03","JnH_3ow","B-01-02-na-01,B-01-02-na-02,B-01-02-na-03,B-01-02-na-04,B-01-02-na-05,B-01-02-na-06"
"SO-02-03-05","JkxoNvE","多変量解析の意義を理解している。","SO-02-03","JnH_3ow","B-01-02-na-06"
"SO-03-01-01","JkxoNvI","植物状態、脳死、心臓死及び脳死判定について理解している。","SO-03-01","JnH_3o4","B-02-01-na-01,B-02-01-na-01"
"SO-03-01-02","JkxoNvM","異状死・異状死体の取扱いと死体検案について理解している。","SO-03-01","JnH_3o4","B-02-01-na-02,B-02-01-na-02"
"SO-03-01-03","JkxoNvQ","死亡診断書と死体検案書を作成できる。","SO-03-01","JnH_3o4","B-02-01-na-03,B-02-01-na-03"
"SO-03-01-04","JkxoNvU","個人識別の方法を理解している。","SO-03-01","JnH_3o4","B-02-01-na-04,B-02-01-na-04"
"SO-03-01-05","JkxoNvY","病理解剖、法医解剖（司法解剖、行政解剖、死因・身元調査法解剖、承諾解剖）について理解している。","SO-03-01","JnH_3o4","B-02-01-na-05,B-01-04-na-02,F-02-04-na-05"
"SO-04-01-01","JkxoNvk","健康寿命を延ばすために働きかけを行うことができる。","SO-04-01","JnH_3o8","B-01-04-na-02,C-05-08-na-01"
"SO-04-01-02","JkxoNvo","バリアフリー等の障害と社会環境に関連する概念を理解した行動をとることができる。","SO-04-01","JnH_3o8","B-01-06-na-01"
"SO-04-02-01","JkxoNvs","女性やLGBTQに対する差別等のジェンダー不平等をなくすために積極的な行動をとることができる。","SO-04-02","JnH_3pE","B-04-01-na-06"
"SO-04-03-01","JkxoNvw","気候変動と医療との関係性を理解し、患者が抱える健康に関する課題と気候変動との関係を想像できる。","SO-04-03","JnH_3pM",""
"SO-04-03-02","JkxoNv0","自然災害（新興感染症を含む）が起きた際に必要とされる医師の役割を理解している。","SO-04-03","JnH_3pM","E-06-04-na-02"
"SO-04-04-01","JkxoNv8","近現代思想・哲学の語彙の概要を理解している。","SO-04-04","JnH_3pQ","G-04-03-na-06"
"SO-04-05-01","JmiaT00","医学・医療の歴史的変遷を踏まえ現代の医学的問題を相対化できる。","SO-04-05","JnH_3pY",""
"SO-04-06-01","JmiaT1A","経済が医療に与える影響について理解している。","SO-04-06","JnH_3pc","B-01-08-na-01, B-01-08-na-08,B-01-08-na-09"
"SO-04-07-01","JtPHxa8","医療資源を公平に分配するとはどういうことか考え、自らの意見を述べることができる。","SO-04-07","JtPHwC4",""
"SO-05-01-01","JkxoNwM","医師法が定める医師の職権と義務を理解している。","SO-05-01","JnH_3pk","B-01-08-na-07,B-01-08-na-06,A-01-03-na-05"
"SO-05-01-02","JkxoNwQ","医療職を規定する法律・制度を説明できる。","SO-05-01","JnH_3pk","B-01-08-na-06,B-01-08-na-10"
"SO-05-01-03","JkxoNwU","医療法が定める医療施設の種類と機能について概要を理解している。","SO-05-01","JnH_3pk","B-01-07-na-02,B-01-08-na-06,B-01-08-na-06"
"SO-05-01-04","JkxoNwY","医療計画について概要を理解している。","SO-05-01","JnH_3pk","B-01-07-na-02,B-01-08-na-06,A-07-01-na-02,A-07-01-na-02,B-01-07-na-02"
"SO-05-01-05","Jk31tVk","地域医療提供体制に関する諸課題の相互関連性の概要を理解している。","SO-05-01","JnH_3pk",""
"SO-05-01-06","Jk31tVo","医療提供体制と医師の働き方について自身の考えを述べることができる。","SO-05-01","JnH_3pk","B-01-08-na-10"
"SO-05-02-01","JkxoNwc","国際的に取り組む必要のある医療・健康課題について、歴史・社会的背景を踏まえて、概要を理解している。","SO-05-02","JnH_3po","B-04-01-na-07, A-07-02-na-03, B-01-09-na-02, A-07-02-na-05, A-07-02-na-04"
"SO-05-02-02","JkxoNwo","ユニバーサル・ヘルス・カバレッジの意義を理解し、世界各国の医療制度が抱える問題を例示できる。","SO-05-02","JnH_3po","B-01-09-na-01,B-01-09-na-01"
"SO-05-02-03","JkxoNws","保健関連の国連開発目標や国際機関・国際協力に関わる組織・団体について概要を理解している。","SO-05-02","JnH_3po","B-01-09-na-01,A-07-02-na-05,B-01-09-na-02, A-07-02-na-04,A-07-02-na-05, B-01-09-na-02"
"SO-06-01-01","JkxoNxQ","日常生活や外来診療・在宅療養・入院・施設入所等において、健康・病気・死の捉え方を探索できる。","SO-06-01","JnH_3pw","B-04-01-na-01,"
"SO-06-01-02","JkxoNxU","時代の流れ、社会の状況や諸制度との関わりのなかで医療に関する諸事象を捉え、構造的に説明できる。","SO-06-01","JnH_3pw","B-04-01-na-08,"
"SO-06-01-03","JkxoNxc","個や集団に及ぼす文化・慣習による影響（コミュニケーションの在り方等）を理解している。","SO-06-01","JnH_3pw","C-05-07-na-07,C-05-07-na-08"
