"ID2016","理由・コメント","teamIn2022"
"F-02-01-na-02","情報収集にはDoesレベルを求めることを考えると削除を検討(近藤)","CS-患者ケアのための診療技能編集用"
"F-02-01-na-03","情報収集にはDoesレベルを求めることを考えると削除を検討(近藤)","CS-患者ケアのための診療技能編集用"
"G-01-01-01-01","コンピテンシーの再掲であり具体的な目標ではないため","CS-患者ケアのための診療技能編集用"
"G-01-01-01-02","コンピテンシーの再掲であり具体的な目標ではないため","CS-患者ケアのための診療技能編集用"
"G-01-01-01-03","コンピテンシーの再掲であり具体的な目標ではないため","CS-患者ケアのための診療技能編集用"
"G-01-01-01-04","コンピテンシーの再掲であり具体的な目標ではないため","CS-患者ケアのための診療技能編集用"
"G-01-01-01-05","コンピテンシーの再掲であり具体的な目標ではないため","CS-患者ケアのための診療技能編集用"
"G-01-01-01-06","コンピテンシーの再掲であり具体的な目標ではないため","CS-患者ケアのための診療技能編集用"
"G-01-01-01-07","コンピテンシーの再掲であり具体的な目標ではないため","CS-患者ケアのための診療技能編集用"
"G-01-01-01-08","コンピテンシーの再掲であり具体的な目標ではないため","CS-患者ケアのための診療技能編集用"
"G-01-01-01-09","コンピテンシーの再掲であり具体的な目標ではないため","CS-患者ケアのための診療技能編集用"
"G-01-01-01-10","コンピテンシーの再掲であり具体的な目標ではないため","CS-患者ケアのための診療技能編集用"
"G-01-01-02-01","具体的な目標ではないため","CS-患者ケアのための診療技能編集用"
"G-01-01-03-01","EPAに該当するため、臨床実習ガイドラインで扱うことを検討する","CS-患者ケアのための診療技能編集用"
"G-01-01-03-02","EPAに該当するため、臨床実習ガイドラインで扱うことを検討する","CS-患者ケアのための診療技能編集用"
"G-01-01-03-03","EPAに該当するため、臨床実習ガイドラインで扱うことを検討する","CS-患者ケアのための診療技能編集用"
"G-01-01-03-04","EPAに該当するため、臨床実習ガイドラインで扱うことを検討する","CS-患者ケアのための診療技能編集用"
"G-01-01-03-05","EPAに該当するため、臨床実習ガイドラインで扱うことを検討する","CS-患者ケアのための診療技能編集用"
"G-01-01-03-06","EPAに該当するため、臨床実習ガイドラインで扱うことを検討する","CS-患者ケアのための診療技能編集用"
"G-01-01-03-07","EPAに該当するため、臨床実習ガイドラインで扱うことを検討する","CS-患者ケアのための診療技能編集用"
"G-01-01-03-08","EPAに該当するため、臨床実習ガイドラインで扱うことを検討する","CS-患者ケアのための診療技能編集用"
"G-01-01-03-09","EPAに該当するため、臨床実習ガイドラインで扱うことを検討する","CS-患者ケアのための診療技能編集用"
"G-01-01-03-10","EPAに該当するため、臨床実習ガイドラインで扱うことを検討する","CS-患者ケアのための診療技能編集用"
"G-01-01-03-11","EPAに該当するため、臨床実習ガイドラインで扱うことを検討する","CS-患者ケアのための診療技能編集用"
"G-01-01-03-12","EPAに該当するため、臨床実習ガイドラインで扱うことを検討する","CS-患者ケアのための診療技能編集用"
"G-01-01-03-13","EPAに該当するため、臨床実習ガイドラインで扱うことを検討する","CS-患者ケアのための診療技能編集用"
"G-02-01-na-01","EPAに該当するため、臨床実習ガイドラインで扱うことを検討する","CS-患者ケアのための診療技能編集用"
"G-04-03-na-01","具体的な目標ではないため","CS-患者ケアのための診療技能編集用"
"G-04-03-na-03","方略であるため削除し、ガイドラインでの記載を検討(近藤)","CS-患者ケアのための診療技能編集用"
"G-04-04-na-01","具体的な目標ではないため","CS-患者ケアのための診療技能編集用"
"G-04-04-na-02","方略であるため削除し、ガイドラインでの記載を検討(近藤)","CS-患者ケアのための診療技能編集用"
"G-04-04-na-03","方略であるため削除し、ガイドラインでの記載を検討(近藤)","CS-患者ケアのための診療技能編集用"
"G-04-04-na-04","方略であるため削除し、ガイドラインでの記載を検討(近藤)","CS-患者ケアのための診療技能編集用"
"F-01-05-na-01","ショックが症候から外れたため(循環器に移動を検討)(近藤)","CS-患者ケアのための診療技能編集用"
"F-01-05-na-02","ショックが症候から外れたため(循環器に移動を検討)(近藤)","CS-患者ケアのための診療技能編集用"
"F-01-05-na-03","ショックが症候から外れたため(循環器に移動を検討)(近藤)","CS-患者ケアのための診療技能編集用"
"G-02-05-na-01","ショックが症候から外れたため(循環器に移動を検討)(近藤)","CS-患者ケアのための診療技能編集用"
"G-02-05-na-02","ショックが症候から外れたため(循環器に移動を検討)(近藤)","CS-患者ケアのための診療技能編集用"
"G-02-05-na-03","ショックが症候から外れたため(循環器に移動を検討)(近藤)","CS-患者ケアのための診療技能編集用"
"G-02-05-na-04","ショックが症候から外れたため(循環器に移動を検討)(近藤)","CS-患者ケアのための診療技能編集用"
"G-02-05-na-05","ショックが症候から外れたため(循環器に移動を検討)(近藤)","CS-患者ケアのための診療技能編集用"
"G-02-05-na-06","ショックが症候から外れたため(循環器に移動を検討)(近藤)","CS-患者ケアのための診療技能編集用"
"G-02-05-na-07","ショックが症候から外れたため(循環器に移動を検討)(近藤)","CS-患者ケアのための診療技能編集用"
"G-02-05-na-08","ショックが症候から外れたため(循環器に移動を検討)(近藤)","CS-患者ケアのための診療技能編集用"
"G-02-05-na-09","ショックが症候から外れたため(循環器に移動を検討)(近藤)","CS-患者ケアのための診療技能編集用"
"G-02-05-na-10","ショックが症候から外れたため(循環器に移動を検討)(近藤)","CS-患者ケアのための診療技能編集用"
"G-02-05-na-11","ショックが症候から外れたため(循環器に移動を検討)(近藤)","CS-患者ケアのための診療技能編集用"
"F-01-10-na-01","脱水が症候から外れたため(腎臓に移動を検討)(近藤)","CS-患者ケアのための診療技能編集用"
"F-01-10-na-02","脱水が症候から外れたため(腎臓に移動を検討)(近藤)","CS-患者ケアのための診療技能編集用"
"F-01-10-na-03","脱水が症候から外れたため(腎臓に移動を検討)(近藤)","CS-患者ケアのための診療技能編集用"
"G-02-10-na-01","脱水が症候から外れたため(腎臓に移動を検討)(近藤)","CS-患者ケアのための診療技能編集用"
"G-02-10-na-02","脱水が症候から外れたため(腎臓に移動を検討)(近藤)","CS-患者ケアのための診療技能編集用"
"G-02-10-na-03","脱水が症候から外れたため(腎臓に移動を検討)(近藤)","CS-患者ケアのための診療技能編集用"
"G-02-10-na-04","脱水が症候から外れたため(腎臓に移動を検討)(近藤)","CS-患者ケアのための診療技能編集用"
"G-02-10-na-05","脱水が症候から外れたため(腎臓に移動を検討)(近藤)","CS-患者ケアのための診療技能編集用"
"G-02-10-na-06","脱水が症候から外れたため(腎臓に移動を検討)(近藤)","CS-患者ケアのための診療技能編集用"
"F-01-18-na-01","胸水が症候から外れたため(臓器別に移動を検討)(近藤)","CS-患者ケアのための診療技能編集用"
"F-01-18-na-02","胸水が症候から外れたため(臓器別に移動を検討)(近藤)","CS-患者ケアのための診療技能編集用"
"F-01-18-na-03","胸水が症候から外れたため(臓器別に移動を検討)(近藤)","CS-患者ケアのための診療技能編集用"
"G-02-18-na-01","胸水が症候から外れたため(臓器別に移動を検討)(近藤)","CS-患者ケアのための診療技能編集用"
"G-02-18-na-02","胸水が症候から外れたため(臓器別に移動を検討)(近藤)","CS-患者ケアのための診療技能編集用"
"G-02-18-na-03","胸水が症候から外れたため(臓器別に移動を検討)(近藤)","CS-患者ケアのための診療技能編集用"
"G-02-18-na-04","胸水が症候から外れたため(臓器別に移動を検討)(近藤)","CS-患者ケアのための診療技能編集用"
"G-02-18-na-05","胸水が症候から外れたため(臓器別に移動を検討)(近藤)","CS-患者ケアのための診療技能編集用"
"G-02-18-na-06","胸水が症候から外れたため(臓器別に移動を検討)(近藤)","CS-患者ケアのための診療技能編集用"
"G-02-18-na-07","胸水が症候から外れたため(臓器別に移動を検討)(近藤)","CS-患者ケアのための診療技能編集用"
"G-02-18-na-08","胸水が症候から外れたため(臓器別に移動を検討)(近藤)","CS-患者ケアのための診療技能編集用"
"G-02-18-na-09","胸水が症候から外れたため(臓器別に移動を検討)(近藤)","CS-患者ケアのための診療技能編集用"
"F-01-26-na-01","貧血が症候から外れたため(臓器別に移動を検討)(近藤)","CS-患者ケアのための診療技能編集用"
"F-01-26-na-02","貧血が症候から外れたため(臓器別に移動を検討)(近藤)","CS-患者ケアのための診療技能編集用"
"F-01-26-na-03","貧血が症候から外れたため(臓器別に移動を検討)(近藤)","CS-患者ケアのための診療技能編集用"
"G-02-26-na-01","貧血が症候から外れたため(臓器別に移動を検討)(近藤)","CS-患者ケアのための診療技能編集用"
"G-02-26-na-02","貧血が症候から外れたため(臓器別に移動を検討)(近藤)","CS-患者ケアのための診療技能編集用"
"G-02-26-na-03","貧血が症候から外れたため(臓器別に移動を検討)(近藤)","CS-患者ケアのための診療技能編集用"
"G-02-26-na-04","貧血が症候から外れたため(臓器別に移動を検討)(近藤)","CS-患者ケアのための診療技能編集用"
"G-02-26-na-05","貧血が症候から外れたため(臓器別に移動を検討)(近藤)","CS-患者ケアのための診療技能編集用"
"G-02-26-na-06","貧血が症候から外れたため(臓器別に移動を検討)(近藤)","CS-患者ケアのための診療技能編集用"
"G-02-26-na-07","貧血が症候から外れたため(臓器別に移動を検討)(近藤)","CS-患者ケアのための診療技能編集用"
"G-02-26-na-08","貧血が症候から外れたため(臓器別に移動を検討)(近藤)","CS-患者ケアのための診療技能編集用"
"G-04-02-15-01","診療科のその他を削除(近藤)","CS-患者ケアのための診療技能編集用"
"G-04-02-15-02","診療科のその他を削除(近藤)","CS-患者ケアのための診療技能編集用"
"G-04-02-15-03","診療科のその他を削除(近藤)","CS-患者ケアのための診療技能編集用"
"G-04-02-15-04","診療科のその他を削除(近藤)","CS-患者ケアのための診療技能編集用"
"G-04-02-15-05","診療科のその他を削除(近藤)","CS-患者ケアのための診療技能編集用"
"G-03-03-na-05","包帯交換をしなくなったため(近藤)","CS-患者ケアのための診療技能編集用"
"G-03-01-na-03","医行為とはいえない(近藤)","CS-患者ケアのための診療技能編集用"
"G-03-01-na-07","学生レベルではない(近藤)","CS-患者ケアのための診療技能編集用"
"G-03-01-na-12","外科専門医のレベルなので削除(近藤)","CS-患者ケアのための診療技能編集用"
"G-03-01-na-14","学生に求める手技ではない(近藤)","CS-患者ケアのための診療技能編集用"
"G-03-01-na-15","学生に求める手技ではない(近藤)","CS-患者ケアのための診療技能編集用"
"G-03-02-na-01","医師が行う機会がなくなってきたため、計画・解釈は別目標として立てた(近藤)","CS-患者ケアのための診療技能編集用"
"G-03-02-na-02","医師が行う機会がなくなってきたため、計画・解釈は別目標として立てた(近藤)","CS-患者ケアのための診療技能編集用"
"G-03-02-na-05","医師が行う機会がなくなってきたため、計画・解釈は別目標として立てた(近藤)","CS-患者ケアのための診療技能編集用"
"G-03-02-na-08","学生に求める手技ではない(近藤)","CS-患者ケアのための診療技能編集用"
"G-03-02-na-09","学生に求める手技ではない(近藤)","CS-患者ケアのための診療技能編集用"
"G-03-02-na-12","学生に求める手技ではない(近藤)","CS-患者ケアのための診療技能編集用"
"G-03-03-na-06","学生に求める手技ではない(近藤)","CS-患者ケアのための診療技能編集用"
"F-02-01-na-01","具体的に何を示すか不明、削除も検討(近藤)","CS-患者ケアのための診療技能編集用"
"G-04-04-na-03","方略であったため削除(近藤)","CS-患者ケアのための診療技能編集用"
"F-02-07-na-06","専門医のレベルなので削除(近藤)","CS-患者ケアのための診療技能編集用"
"G-03-01-na-02","皮膚消毒を行わなくなってきたため","CS-患者ケアのための診療技能編集用"
"F-03-04-na-02","総合へ","CS-患者ケアのための診療技能編集用"
"F-03-02-na-01","コミュニケーションへ","CS-患者ケアのための診療技能編集用"
"G-04-04-na-02","コミュニケーションへ","CS-患者ケアのための診療技能編集用"
"F-03-05-01-01","コミュニケーションへ","CS-患者ケアのための診療技能編集用"
"F-03-05-02-01","総合へ","CS-患者ケアのための診療技能編集用"
"F-02-01-na-04","コミュ・総合へ","CS-患者ケアのための診療技能編集用"
"F-03-01-na-01","抽象的なので削除","CS-患者ケアのための診療技能編集用"
"F-03-01-na-02","抽象的なので削除","CS-患者ケアのための診療技能編集用"
"F-03-01-na-03","抽象的なので削除","CS-患者ケアのための診療技能編集用"
"G-04-01-04-02","社会へ","CS-患者ケアのための診療技能編集用"
"F-03-05-08-05","小児科の基本的臨床技能として扱う","CS-患者ケアのための診療技能編集用"
"G-04-01-03-05","小児科の基本的臨床技能として扱う","CS-患者ケアのための診療技能編集用"
"F-02-04-na-05","社会へ","CS-患者ケアのための診療技能編集用"
"F-02-09-02-09","方略の意味合いが大きい","CS-患者ケアのための診療技能編集用"
"F-02-09-02-10","方略の意味合いが大きい","CS-患者ケアのための診療技能編集用"
"F-02-10-na-08","他と比べて専門的すぎるため","CS-患者ケアのための診療技能編集用"
"G-04-01-02-02","方略であるため削除し、ガイドラインでの記載を検討(近藤)","CS-患者ケアのための診療技能編集用"
"G-04-01-02-03","方略であるため削除し、ガイドラインでの記載を検討(近藤)","CS-患者ケアのための診療技能編集用"
"G-04-01-04-05","方略であるため削除し、ガイドラインでの記載を検討(近藤)","CS-患者ケアのための診療技能編集用"
"F-03-05-08-03","抽象的すぎるため","CS-患者ケアのための診療技能編集用"
"G-04-01-01-03","抽象的すぎるため","CS-患者ケアのための診療技能編集用"
"G-04-01-02-01","抽象的すぎるため","CS-患者ケアのための診療技能編集用"
"F-02-15-na-01","総合へ","CS-患者ケアのための診療技能編集用"
"F-02-15-na-04","総合へ","CS-患者ケアのための診療技能編集用"
"F-02-15-na-05","社会へ","CS-患者ケアのための診療技能編集用"
"F-02-15-na-07","社会へ","CS-患者ケアのための診療技能編集用"
"F-02-15-na-06","総合へ","CS-患者ケアのための診療技能編集用"
"F-02-16-na-02","総合へ","CS-患者ケアのための診療技能編集用"
"G-04-01-06-02","総合に委託を検討する(近藤)","CS-患者ケアのための診療技能編集用"
"G-04-01-06-03","総合に委託を検討する(近藤)","CS-患者ケアのための診療技能編集用"
"G-04-01-06-04","総合に委託を検討する(近藤)","CS-患者ケアのための診療技能編集用"
"F-02-14-na-04","総合へ","CS-患者ケアのための診療技能編集用"
"F-02-01-na-08","各診療科に含まれるため(近藤)","CS-患者ケアのための診療技能編集用"
"G-04-01-06-05","方略であるため","CS-患者ケアのための診療技能編集用"
"G-04-01-06-06","方略であるため","CS-患者ケアのための診療技能編集用"
"G-04-03-na-02","方略であるため","CS-患者ケアのための診療技能編集用"
"G-04-03-na-03","方略であるため","CS-患者ケアのための診療技能編集用"
"G-04-03-na-04","方略であるため","CS-患者ケアのための診療技能編集用"
"G-04-03-na-05","方略であるため","CS-患者ケアのための診療技能編集用"
"G-04-03-na-06","方略であるため","CS-患者ケアのための診療技能編集用"
"G-04-04-na-04","方略であるため","CS-患者ケアのための診療技能編集用"
"F-02-15-na-02","総合へ","CS-患者ケアのための診療技能編集用"
"G-04-01-07-05","知識へ","CS-患者ケアのための診療技能編集用"
"G-04-02-14-01","歯科は独立した分野であり医師としての基本診療科には含まれないと考えたたため","CS-患者ケアのための診療技能編集用"
"G-04-02-14-02","歯科は独立した分野であり医師としての基本診療科には含まれないと考えたたため","CS-患者ケアのための診療技能編集用"
"G-04-02-14-03","歯科は独立した分野であり医師としての基本診療科には含まれないと考えたたため","CS-患者ケアのための診療技能編集用"
"G-04-02-14-04","歯科は独立した分野であり医師としての基本診療科には含まれないと考えたたため","CS-患者ケアのための診療技能編集用"
"G-04-02-14-05","歯科は独立した分野であり医師としての基本診療科には含まれないと考えたたため","CS-患者ケアのための診療技能編集用"
"G-04-04-na-05","方略であるため","CS-患者ケアのための診療技能編集用"
"F-02-11-na-01","コアカリの目標レベルとしては具体的すぎるため削除","CS-患者ケアのための診療技能編集用"
"E-03-01-na-02","知識特設チームにより不要と判断された","PS-専門知識に基づいた問題解決能力編集用"
"D-05-04-08-02","知識特設チームにより不要と判断された","PS-専門知識に基づいた問題解決能力編集用"
"D-06-01-na-09","知識特設チームにより不要と判断された","PS-専門知識に基づいた問題解決能力編集用"
"D-06-03-01-01","知識特設チームにより不要と判断された","PS-専門知識に基づいた問題解決能力編集用"
"E-03-03-na-05","知識特設チームにより不要と判断された","PS-専門知識に基づいた問題解決能力編集用"
"D-07-04-08-11","知識特設チームにより不要と判断された","PS-専門知識に基づいた問題解決能力編集用"
"D-08-04-08-02","知識特設チームにより不要と判断された","PS-専門知識に基づいた問題解決能力編集用"
"D-09-04-02-06","知識特設チームにより不要と判断された","PS-専門知識に基づいた問題解決能力編集用"
"E-02-02-na-02","知識特設チームにより不要と判断された","PS-専門知識に基づいた問題解決能力編集用"
"E-02-02-na-03","知識特設チームにより不要と判断された","PS-専門知識に基づいた問題解決能力編集用"
"E-02-02-na-04","知識特設チームにより不要と判断された","PS-専門知識に基づいた問題解決能力編集用"
"E-02-02-na-05","知識特設チームにより不要と判断された","PS-専門知識に基づいた問題解決能力編集用"
"E-02-02-na-08","知識特設チームにより不要と判断された","PS-専門知識に基づいた問題解決能力編集用"
"E-02-04-01-01","知識特設チームにより不要と判断された","PS-専門知識に基づいた問題解決能力編集用"
"E-02-04-01-02","知識特設チームにより不要と判断された","PS-専門知識に基づいた問題解決能力編集用"
"E-02-04-01-03","知識特設チームにより不要と判断された","PS-専門知識に基づいた問題解決能力編集用"
"E-02-04-01-04","知識特設チームにより不要と判断された","PS-専門知識に基づいた問題解決能力編集用"
"E-02-04-01-05","知識特設チームにより不要と判断された","PS-専門知識に基づいた問題解決能力編集用"
"E-02-04-01-06","知識特設チームにより不要と判断された","PS-専門知識に基づいた問題解決能力編集用"
"E-02-04-01-07","知識特設チームにより不要と判断された","PS-専門知識に基づいた問題解決能力編集用"
"E-02-04-01-08","知識特設チームにより不要と判断された","PS-専門知識に基づいた問題解決能力編集用"
"E-02-04-01-09","知識特設チームにより不要と判断された","PS-専門知識に基づいた問題解決能力編集用"
"E-02-04-01-10","知識特設チームにより不要と判断された","PS-専門知識に基づいた問題解決能力編集用"
"E-02-04-02-01","知識特設チームにより不要と判断された","PS-専門知識に基づいた問題解決能力編集用"
"E-02-04-02-02","知識特設チームにより不要と判断された","PS-専門知識に基づいた問題解決能力編集用"
"E-02-04-02-03","知識特設チームにより不要と判断された","PS-専門知識に基づいた問題解決能力編集用"
"E-02-04-02-04","知識特設チームにより不要と判断された","PS-専門知識に基づいた問題解決能力編集用"
"E-02-04-02-05","知識特設チームにより不要と判断された","PS-専門知識に基づいた問題解決能力編集用"
"E-02-04-02-06","知識特設チームにより不要と判断された","PS-専門知識に基づいた問題解決能力編集用"
"E-02-04-02-07","知識特設チームにより不要と判断された","PS-専門知識に基づいた問題解決能力編集用"
"E-02-04-02-08","知識特設チームにより不要と判断された","PS-専門知識に基づいた問題解決能力編集用"
"E-02-04-02-09","知識特設チームにより不要と判断された","PS-専門知識に基づいた問題解決能力編集用"
"E-02-04-02-10","知識特設チームにより不要と判断された","PS-専門知識に基づいた問題解決能力編集用"
"E-02-04-02-11","知識特設チームにより不要と判断された","PS-専門知識に基づいた問題解決能力編集用"
"E-02-04-02-12","知識特設チームにより不要と判断された","PS-専門知識に基づいた問題解決能力編集用"
"E-02-04-02-13","知識特設チームにより不要と判断された","PS-専門知識に基づいた問題解決能力編集用"
"E-02-04-03-01","知識特設チームにより不要と判断された","PS-専門知識に基づいた問題解決能力編集用"
"E-02-04-03-02","知識特設チームにより不要と判断された","PS-専門知識に基づいた問題解決能力編集用"
"E-02-04-03-03","知識特設チームにより不要と判断された","PS-専門知識に基づいた問題解決能力編集用"
"E-02-04-03-04","知識特設チームにより不要と判断された","PS-専門知識に基づいた問題解決能力編集用"
"E-02-04-04-01","知識特設チームにより不要と判断された","PS-専門知識に基づいた問題解決能力編集用"
"E-02-04-04-02","知識特設チームにより不要と判断された","PS-専門知識に基づいた問題解決能力編集用"
"E-02-04-04-03","知識特設チームにより不要と判断された","PS-専門知識に基づいた問題解決能力編集用"
"E-02-04-04-04","知識特設チームにより不要と判断された","PS-専門知識に基づいた問題解決能力編集用"
"E-02-01-na-01","知識特設チームにより不要と判断された","PS-専門知識に基づいた問題解決能力編集用"
"C-02-03-03-01","知識特設チームにより不要と判断された","PS-専門知識に基づいた問題解決能力編集用"
"C-02-03-03-02","知識特設チームにより不要と判断された","PS-専門知識に基づいた問題解決能力編集用"
"C-02-03-03-03","知識特設チームにより不要と判断された","PS-専門知識に基づいた問題解決能力編集用"
"C-02-01-02-03","知識特設チームにより不要と判断された","PS-専門知識に基づいた問題解決能力編集用"
"C-02-01-02-04","知識特設チームにより不要と判断された","PS-専門知識に基づいた問題解決能力編集用"
"C-03-02-01-03","知識特設チームにより不要と判断された","PS-専門知識に基づいた問題解決能力編集用"
"C-03-02-01-04","知識特設チームにより不要と判断された","PS-専門知識に基づいた問題解決能力編集用"
"C-03-02-03-01","知識特設チームにより不要と判断された","PS-専門知識に基づいた問題解決能力編集用"
"C-03-02-03-02","知識特設チームにより不要と判断された","PS-専門知識に基づいた問題解決能力編集用"
"C-03-01-01-01","知識特設チームにより不要と判断された","PS-専門知識に基づいた問題解決能力編集用"
"C-03-01-02-01","知識特設チームにより不要と判断された","PS-専門知識に基づいた問題解決能力編集用"
"C-03-01-02-02","知識特設チームにより不要と判断された","PS-専門知識に基づいた問題解決能力編集用"
"C-03-01-02-03","知識特設チームにより不要と判断された","PS-専門知識に基づいた問題解決能力編集用"
"C-03-01-03-03","知識特設チームにより不要と判断された","PS-専門知識に基づいた問題解決能力編集用"
"C-03-01-04-01","知識特設チームにより不要と判断された","PS-専門知識に基づいた問題解決能力編集用"
"C-03-01-04-05","知識特設チームにより不要と判断された","PS-専門知識に基づいた問題解決能力編集用"
"C-03-01-04-07","知識特設チームにより不要と判断された","PS-専門知識に基づいた問題解決能力編集用"
"C-03-01-04-08","知識特設チームにより不要と判断された","PS-専門知識に基づいた問題解決能力編集用"
"C-03-03-01-01","知識特設チームにより不要と判断された","PS-専門知識に基づいた問題解決能力編集用"
"C-03-03-01-03","知識特設チームにより不要と判断された","PS-専門知識に基づいた問題解決能力編集用"
"C-03-03-02-02","知識特設チームにより不要と判断された","PS-専門知識に基づいた問題解決能力編集用"
"C-03-03-02-03","知識特設チームにより不要と判断された","PS-専門知識に基づいた問題解決能力編集用"
"C-03-03-03-01","知識特設チームにより不要と判断された","PS-専門知識に基づいた問題解決能力編集用"
"E-07-01-na-01","E7,8,9は総合に","PS-専門知識に基づいた問題解決能力編集用"
"E-07-01-na-02","E7,8,9は総合に","PS-専門知識に基づいた問題解決能力編集用"
"E-07-01-na-03","E7,8,9は総合に","PS-専門知識に基づいた問題解決能力編集用"
"E-07-01-na-04","E7,8,9は総合に","PS-専門知識に基づいた問題解決能力編集用"
"E-07-01-na-05","E7,8,9は総合に","PS-専門知識に基づいた問題解決能力編集用"
"E-07-01-na-07","E7,8,9は総合に","PS-専門知識に基づいた問題解決能力編集用"
"E-07-01-na-08","E7,8,9は総合に","PS-専門知識に基づいた問題解決能力編集用"
"E-07-01-na-09","E7,8,9は総合に","PS-専門知識に基づいた問題解決能力編集用"
"E-07-01-na-10","E7,8,9は総合に","PS-専門知識に基づいた問題解決能力編集用"
"E-07-01-na-06","E7,8,9は総合に","PS-専門知識に基づいた問題解決能力編集用"
"E-07-02-na-01","E7,8,9は総合に","PS-専門知識に基づいた問題解決能力編集用"
"E-07-02-na-02","E7,8,9は総合に","PS-専門知識に基づいた問題解決能力編集用"
"E-07-02-na-03","E7,8,9は総合に","PS-専門知識に基づいた問題解決能力編集用"
"E-07-02-na-04","E7,8,9は総合に","PS-専門知識に基づいた問題解決能力編集用"
"E-07-03-na-01","E7,8,9は総合に","PS-専門知識に基づいた問題解決能力編集用"
"E-07-03-na-02","E7,8,9は総合に","PS-専門知識に基づいた問題解決能力編集用"
"E-07-03-na-03","E7,8,9は総合に","PS-専門知識に基づいた問題解決能力編集用"
"E-07-03-na-04","E7,8,9は総合に","PS-専門知識に基づいた問題解決能力編集用"
"E-07-03-na-05","E7,8,9は総合に","PS-専門知識に基づいた問題解決能力編集用"
"E-07-03-na-06","E7,8,9は総合に","PS-専門知識に基づいた問題解決能力編集用"
"E-07-03-na-07","E7,8,9は総合に","PS-専門知識に基づいた問題解決能力編集用"
"E-07-03-na-08","E7,8,9は総合に","PS-専門知識に基づいた問題解決能力編集用"
"E-07-04-na-01","E7,8,9は総合に","PS-専門知識に基づいた問題解決能力編集用"
"E-07-04-na-02","E7,8,9は総合に","PS-専門知識に基づいた問題解決能力編集用"
"E-07-04-na-03","E7,8,9は総合に","PS-専門知識に基づいた問題解決能力編集用"
"E-08-01-na-01","E7,8,9は総合に","PS-専門知識に基づいた問題解決能力編集用"
"E-08-01-na-02","E7,8,9は総合に","PS-専門知識に基づいた問題解決能力編集用"
"E-08-01-na-03","E7,8,9は総合に","PS-専門知識に基づいた問題解決能力編集用"
"E-08-01-na-04","E7,8,9は総合に","PS-専門知識に基づいた問題解決能力編集用"
"E-08-01-na-05","E7,8,9は総合に","PS-専門知識に基づいた問題解決能力編集用"
"E-08-01-na-06","E7,8,9は総合に","PS-専門知識に基づいた問題解決能力編集用"
"E-08-01-na-07","E7,8,9は総合に","PS-専門知識に基づいた問題解決能力編集用"
"E-08-01-na-08","E7,8,9は総合に","PS-専門知識に基づいた問題解決能力編集用"
"E-08-01-na-09","E7,8,9は総合に","PS-専門知識に基づいた問題解決能力編集用"
"E-08-01-na-03","E7,8,9は総合に","PS-専門知識に基づいた問題解決能力編集用"
"E-08-01-na-04","E7,8,9は総合に","PS-専門知識に基づいた問題解決能力編集用"
"E-08-01-na-11","E7,8,9は総合に","PS-専門知識に基づいた問題解決能力編集用"
"E-08-01-na-12","E7,8,9は総合に","PS-専門知識に基づいた問題解決能力編集用"
"E-09-01-na-01","E7,8,9は総合に","PS-専門知識に基づいた問題解決能力編集用"
"E-09-01-na-02","E7,8,9は総合に","PS-専門知識に基づいた問題解決能力編集用"
"E-09-01-na-03","E7,8,9は総合に","PS-専門知識に基づいた問題解決能力編集用"
"E-09-01-na-04","E7,8,9は総合に","PS-専門知識に基づいた問題解決能力編集用"
"E-09-01-na-05","E7,8,9は総合に","PS-専門知識に基づいた問題解決能力編集用"
"E-09-01-na-06","E7,8,9は総合に","PS-専門知識に基づいた問題解決能力編集用"
"E-09-01-na-07","E7,8,9は総合に","PS-専門知識に基づいた問題解決能力編集用"
"E-09-01-na-08","E7,8,9は総合に","PS-専門知識に基づいた問題解決能力編集用"
"E-09-01-na-01","E7,8,9は総合に","PS-専門知識に基づいた問題解決能力編集用"
"E-09-01-na-10","E7,8,9は総合に","PS-専門知識に基づいた問題解決能力編集用"
"E-03-05-na-12","小児腫瘍などで包含","PS-専門知識に基づいた問題解決能力編集用"
"E-03-04-na-01","チーム医療の項に包含されるので削除でよいと思います","PS-専門知識に基づいた問題解決能力編集用"
"E-04-02-na-05","（そもそもチームの作業で「貧血」は削除になりました。","PS-専門知識に基づいた問題解決能力編集用"
"E-04-03-05-03","国家試験と合わせて川崎病でよいと思います。血管炎症候群に含めましょうか。","PS-専門知識に基づいた問題解決能力編集用"
"E-06-02-na-05","コミュニケーションに移動、E-6から削除","PS-専門知識に基づいた問題解決能力編集用"
"E-06-03-na-01","コミュニケーションに移動、E-6から削除","PS-専門知識に基づいた問題解決能力編集用"
"E-06-03-na-02","コミュニケーションに移動、E-6から削除","PS-専門知識に基づいた問題解決能力編集用"
"E-06-04-na-02","社会における医療の役割の理解へ移動E-6から削除","PS-専門知識に基づいた問題解決能力編集用"
"E-06-01-na-06","E-06-02-na-03と統合した","PS-専門知識に基づいた問題解決能力編集用"
"E-06-02-na-01","E-06-01-na-07と統合した","PS-専門知識に基づいた問題解決能力編集用"
"E-06-02-na-04","E-06-01-na-07と統合した","PS-専門知識に基づいた問題解決能力編集用"
"E-06-04-na-01","E-06-01-na-02と統合した","PS-専門知識に基づいた問題解決能力編集用"
"E-03-03-na-01","他で記載があり腫瘍の項目で特記する必要がないとの指摘が以前ありました","PS-専門知識に基づいた問題解決能力編集用"
"E-03-04-na-02","他で記載があり腫瘍の項目で特記する必要がないとの指摘が以前ありました","PS-専門知識に基づいた問題解決能力編集用"
"C-02-03-04-05","知識特設チームにより不要と判断された","PS-専門知識に基づいた問題解決能力編集用"
"D-01-02-na-03","知識特設チームにより不要と判断された","PS-専門知識に基づいた問題解決能力編集用"
"D-01-03-na-07","全体会議により不要と判断された","PS-専門知識に基づいた問題解決能力編集用"
"D-01-04-03-01","知識特設チームにより不要と判断された","PS-専門知識に基づいた問題解決能力編集用"
"D-02-03-05-01","全体会議により不要と判断された","PS-専門知識に基づいた問題解決能力編集用"
"D-03-04-08-02","知識特設チームにより不要と判断された","PS-専門知識に基づいた問題解決能力編集用"
"D-03-04-08-03","知識特設チームにより不要と判断された","PS-専門知識に基づいた問題解決能力編集用"
"D-05-03-na-01","全体会議にて不要と判断された","PS-専門知識に基づいた問題解決能力編集用"
"D-05-03-na-02","全体会議にて不要と判断された","PS-専門知識に基づいた問題解決能力編集用"
"D-05-03-na-03","全体会議にて不要と判断された","PS-専門知識に基づいた問題解決能力編集用"
"D-05-03-na-05","全体会議にて不要と判断された","PS-専門知識に基づいた問題解決能力編集用"
"D-05-03-na-07","全体会議にて不要と判断された","PS-専門知識に基づいた問題解決能力編集用"
"D-05-03-na-08","全体会議にて不要と判断された","PS-専門知識に基づいた問題解決能力編集用"
"D-05-03-na-15","全体会議にて不要と判断された","PS-専門知識に基づいた問題解決能力編集用"
"D-05-03-na-16","全体会議にて不要と判断された","PS-専門知識に基づいた問題解決能力編集用"
"D-05-03-na-17","全体会議にて不要と判断された","PS-専門知識に基づいた問題解決能力編集用"
"D-05-03-na-18","全体会議にて不要と判断された","PS-専門知識に基づいた問題解決能力編集用"
"D-05-03-na-20","全体会議にて不要と判断された","PS-専門知識に基づいた問題解決能力編集用"
"D-05-04-05-01","知識特設チームにより不要と判断された","PS-専門知識に基づいた問題解決能力編集用"
"D-05-04-09-03","知識特設チームにより不要と判断された","PS-専門知識に基づいた問題解決能力編集用"
"D-05-04-09-05","知識特設チームにより不要と判断された","PS-専門知識に基づいた問題解決能力編集用"
"D-05-04-09-06","知識特設チームにより不要と判断された","PS-専門知識に基づいた問題解決能力編集用"
"E-05-02-na-14","全体会議にて不要と判断された","PS-専門知識に基づいた問題解決能力編集用"
"E-05-02-na-12","全体会議にて不要と判断された","PS-専門知識に基づいた問題解決能力編集用"
"E-05-02-na-04","全体会議にて不要と判断された","PS-専門知識に基づいた問題解決能力編集用"
"E-05-02-na-05","全体会議にて不要と判断された","PS-専門知識に基づいた問題解決能力編集用"
"E-05-02-na-06","全体会議にて不要と判断された","PS-専門知識に基づいた問題解決能力編集用"
"E-05-02-na-07","全体会議にて不要と判断された","PS-専門知識に基づいた問題解決能力編集用"
"E-05-02-na-02","全体会議にて不要と判断された","PS-専門知識に基づいた問題解決能力編集用"
"D-08-04-04-02","知識特設チームにより不要と判断された","PS-専門知識に基づいた問題解決能力編集用"
"D-09-03-02-03","全体会議にて不要と判断された","PS-専門知識に基づいた問題解決能力編集用"
"D-09-03-04-04","全体会議にて不要と判断された","PS-専門知識に基づいた問題解決能力編集用"
"D-12-01-na-02","知識特設チームにより不要と判断された","PS-専門知識に基づいた問題解決能力編集用"
"D-12-02-na-04","知識特設チームにより不要と判断された","PS-専門知識に基づいた問題解決能力編集用"
"D-12-03-03-01","全体会議にて不要と判断された","PS-専門知識に基づいた問題解決能力編集用"
"D-12-04-01-03","知識特設チームにより不要と判断された","PS-専門知識に基づいた問題解決能力編集用"
"B-01-01-na-02","衛生学公衆衛生学教育協議会との意見交換で優先順位は高くないと合意（正規分布のみ残す）","SO-社会における医療の役割の理解編集用"
"B-01-02-na-02","衛生学公衆衛生学教育協議会との意見交換で優先順位は高くないと合意（正規分布のみ残す）","SO-社会における医療の役割の理解編集用"
"B-01-03-na-01","総合へ","SO-社会における医療の役割の理解編集用"
"B-01-03-na-02","総合へ","SO-社会における医療の役割の理解編集用"
"B-01-03-na-04","総合へ","SO-社会における医療の役割の理解編集用"
"B-01-03-na-05","総合へ","SO-社会における医療の役割の理解編集用"
"B-01-03-na-06","総合へ","SO-社会における医療の役割の理解編集用"
"B-01-03-na-07","総合へ","SO-社会における医療の役割の理解編集用"
"B-01-05-na-03","総合へ","SO-社会における医療の役割の理解編集用"
"B-01-06-na-05","総合へ","SO-社会における医療の役割の理解編集用"
"B-01-07-na-07","総合へ","SO-社会における医療の役割の理解編集用"
"B-01-08-na-05","生涯にわたって共に学ぶ姿勢へ","SO-社会における医療の役割の理解編集用"
"B-01-08-na-08","不要と判断","SO-社会における医療の役割の理解編集用"
"B-02-02-na-04","情報・科学技術を活かす能力へ","SO-社会における医療の役割の理解編集用"
"B-03-01-na-01","科学的探究へ","SO-社会における医療の役割の理解編集用"
"B-03-01-na-02","科学的探究へ","SO-社会における医療の役割の理解編集用"
"B-03-01-na-03","科学的探究へ(ヘルシンキ宣言の記載なし）","SO-社会における医療の役割の理解編集用"
"B-03-01-na-04","？","SO-社会における医療の役割の理解編集用"
"B-03-01-na-05","？","SO-社会における医療の役割の理解編集用"
"A-07-02-na-02","後半はCMが関連（JkxhhWI）","SO-社会における医療の役割の理解編集用"
"A-07-02-na-03","グローバルヘルスでカバー","SO-社会における医療の役割の理解編集用"
"A-07-02-na-04","？","SO-社会における医療の役割の理解編集用"
"B-01-01-na-04","衛生学公衆衛生学教育協議会との意見交換で優先順位は高くないと合意","SO-社会における医療の役割の理解編集用"
"B-01-08-na-09","？","SO-社会における医療の役割の理解編集用"
"B-01-08-na-10","職種間連携は多職種へ送り、業務範囲はJk31tVoに送る","SO-社会における医療の役割の理解編集用"
"B-01-09-na-02","？","SO-社会における医療の役割の理解編集用"
"B-02-02-na-02","技能へ","SO-社会における医療の役割の理解編集用"
"B-02-02-na-03","技能へ","SO-社会における医療の役割の理解編集用"
"B-03-01-na-05","患者安全には報告の意義に関する記載していない","SO-社会における医療の役割の理解編集用"
"B-04-01-na-07","国際保健の記述は必要だが、本項目は不要と判断","SO-社会における医療の役割の理解編集用"
"G-04-01-04-02","女性の健康問題として拾ったものはない。高齢、小児など各対象患者ごとにはわけて書かないという議論が技能チームで行われた記憶。","SO-社会における医療の役割の理解編集用"
"F-02-16-na-02","総合へ","SO-社会における医療の役割の理解編集用"
"E-06-04-na-02","知識へ","SO-社会における医療の役割の理解編集用"
"A-09-01-na-05","削除：（生涯学習のテーマとやや離れるため）技能もしくはガイドラインで触れる","LL-生涯にわたって共に学ぶ姿勢編集用"
"E-09-01-na-05","診療関連死を1項目として取り上げる必要性がない","LL-生涯にわたって共に学ぶ姿勢編集用"
"A-06-01-na-01","多職種へ送る","LL-生涯にわたって共に学ぶ姿勢編集用"
"A-06-01-na-05","患者安全の項としては不要","LL-生涯にわたって共に学ぶ姿勢編集用"
"A-06-01-na-08","技能に復活","LL-生涯にわたって共に学ぶ姿勢編集用"
"A-06-02-na-01","A-06-02-na-02にまとめる","LL-生涯にわたって共に学ぶ姿勢編集用"
"A-06-02-na-02","技能に復活","LL-生涯にわたって共に学ぶ姿勢編集用"
"A-06-02-na-03","必要かどうか","LL-生涯にわたって共に学ぶ姿勢編集用"
"A-06-02-na-04","技能に復活","LL-生涯にわたって共に学ぶ姿勢編集用"
"A-06-03-na-03","不要","LL-生涯にわたって共に学ぶ姿勢編集用"
"A-06-03-na-04","技能に復活","LL-生涯にわたって共に学ぶ姿勢編集用"
"A-02-01-na-03","不要","LL-生涯にわたって共に学ぶ姿勢編集用"
"A-02-01-na-04","不要","LL-生涯にわたって共に学ぶ姿勢編集用"
"A-02-01-na-05","不要","LL-生涯にわたって共に学ぶ姿勢編集用"
"A-02-02-na-01","情報へ（不要では？）","LL-生涯にわたって共に学ぶ姿勢編集用"
"A-02-02-na-02","不要","LL-生涯にわたって共に学ぶ姿勢編集用"
"A-02-02-na-05","参加する、の項目は不要","LL-生涯にわたって共に学ぶ姿勢編集用"
"A-06-03-na-03","不要？","LL-生涯にわたって共に学ぶ姿勢編集用"
"A-08-01-na-03","知識、情報へ","LL-生涯にわたって共に学ぶ姿勢編集用"
"B-01-08-na-05","技能へ（不要？）","LL-生涯にわたって共に学ぶ姿勢編集用"
"B-04-01-na-10","不要？","LL-生涯にわたって共に学ぶ姿勢編集用"
"F-03-03-na-04","情報へ","LL-生涯にわたって共に学ぶ姿勢編集用"
"C-05-08-na-01","行動科学へ移動お願い","CM-コミュニケーション能力編集用"
"C-05-08-na-05","行動科学へ移動お願い","CM-コミュニケーション能力編集用"
"F-02-01-na-04","技能へ移動お願い","CM-コミュニケーション能力編集用"
"E-09-01-na-07","総合へ移動お願い","CM-コミュニケーション能力編集用"
"F-02-01-na-02","総合へ移動お願い","CM-コミュニケーション能力編集用"
"A-05-01-na-01","全般的に関わる内容のためコンピテンシーを絞れないため","IP-多職種連携能力編集用"
"A-01-03-na-05","漠然としていて不要では？","PR-プロフェッショナリズム編集用"
"F-03-05-08-01","技能へ","GE-総合的に患者・生活者をみる姿勢編集用"
"G-04-01-01-01","技能へ","GE-総合的に患者・生活者をみる姿勢編集用"
"G-04-01-03-01","技能へ","GE-総合的に患者・生活者をみる姿勢編集用"
"G-04-01-04-03","技能へ","GE-総合的に患者・生活者をみる姿勢編集用"
"G-04-01-05-01","技能へ","GE-総合的に患者・生活者をみる姿勢編集用"
"G-04-02-01-01","技能へ","GE-総合的に患者・生活者をみる姿勢編集用"
"G-04-02-02-01","技能へ","GE-総合的に患者・生活者をみる姿勢編集用"
"G-04-02-03-01","技能へ","GE-総合的に患者・生活者をみる姿勢編集用"
"G-04-02-04-01","技能へ","GE-総合的に患者・生活者をみる姿勢編集用"
"G-04-02-05-01","技能へ","GE-総合的に患者・生活者をみる姿勢編集用"
"G-04-02-06-01","技能へ","GE-総合的に患者・生活者をみる姿勢編集用"
"G-04-02-07-01","技能へ","GE-総合的に患者・生活者をみる姿勢編集用"
"G-04-02-08-01","技能へ","GE-総合的に患者・生活者をみる姿勢編集用"
"G-04-02-09-01","技能へ","GE-総合的に患者・生活者をみる姿勢編集用"
"G-04-02-10-01","技能へ","GE-総合的に患者・生活者をみる姿勢編集用"
"G-04-02-11-01","技能へ","GE-総合的に患者・生活者をみる姿勢編集用"
"G-04-02-12-01","技能へ","GE-総合的に患者・生活者をみる姿勢編集用"
"G-04-02-14-01","技能へ","GE-総合的に患者・生活者をみる姿勢編集用"
"G-04-02-15-01","技能へ","GE-総合的に患者・生活者をみる姿勢編集用"
"E-07-03-na-04","「知識」の「成長発達」部分と内容が重複しているため削除しました（遠藤）","GE-総合的に患者・生活者をみる姿勢編集用"
"A-01-02-na-04","コミュで対応","GE-総合的に患者・生活者をみる姿勢編集用"
"F-02-01-na-07","コミュで対応","GE-総合的に患者・生活者をみる姿勢編集用"
"A-07-01-na-04","全般的に関わる内容のためコンピテンシーを絞れないため","GE-総合的に患者・生活者をみる姿勢編集用"
"B-01-07-na-04","全般的に関わる内容のためコンピテンシーを絞れないため","GE-総合的に患者・生活者をみる姿勢編集用"
