"ID2016","item2022","index","ID2022"
"G-01-01-01-02","PR-プロフェッショナリズム全体","PR","JnGV10M"
"G-01-01-03-02","臨床実習ガイドライン","CLGL","JuFUp1g"
"G-01-01-03-03","臨床実習ガイドライン","CLGL","JuFUp1g"
"G-01-01-03-04","臨床実習ガイドライン","CLGL","JuFUp1g"
"G-01-01-03-05","臨床実習ガイドライン","CLGL","JuFUp1g"
"G-01-01-03-06","臨床実習ガイドライン","CLGL","JuFUp1g"
"G-01-01-03-07","臨床実習ガイドライン","CLGL","JuFUp1g"
"G-01-01-03-08","臨床実習ガイドライン","CLGL","JuFUp1g"
"G-01-01-03-09","臨床実習ガイドライン","CLGL","JuFUp1g"
"G-01-01-03-10","臨床実習ガイドライン","CLGL","JuFUp1g"
"G-01-01-03-11","臨床実習ガイドライン","CLGL","JuFUp1g"
"G-01-01-03-12","臨床実習ガイドライン","CLGL","JuFUp1g"
"G-01-01-03-13","臨床実習ガイドライン","CLGL","JuFUp1g"
"G-04-01-02-02","臨床実習ガイドライン","CLGL","JuFUp1g"
"G-04-01-02-03","臨床実習ガイドライン","CLGL","JuFUp1g"
"G-04-01-04-05","臨床実習ガイドライン","CLGL","JuFUp1g"
"G-04-04-na-02","臨床実習ガイドライン","CLGL","JuFUp1g"
"G-04-04-na-03","臨床実習ガイドライン","CLGL","JuFUp1g"
"G-04-04-na-04","臨床実習ガイドライン","CLGL","JuFUp1g"
"A-05-01-na-01","多職種連携能力編集用/協働実践","IP-02","JnGUPio"
"B-01-07-na-04","総合的に患者・生活者をみる姿勢/地域の視点とアプローチ","GE-02","JnGUR4k"
"B-01-07-na-07","総合的に患者・生活者をみる姿勢/地域の視点とアプローチ","GE-02","JnGUR4k"
